order_id,product,price,quantity,city
ORD-00001,SSD,734.38,9,Hyderabad
ORD-00002,Monitor,869.77,4,Lucknow
ORD-00003,RAM,4482.45,3,Surat
ORD-00004,Headphones,352.55,3,Hyderabad
ORD-00005,Monitor,2625.7,1,Jaipur
ORD-00006,Monitor,3636.88,18,Pune
ORD-00007,Monitor,2356.19,9,Nagpur
ORD-00008,Cable,231.18,6,Kanpur
ORD-00009,Headphones,1833.19,5,Hyderabad
ORD-00010,Charger,1815.64,3,Pune
ORD-00011,Phone,1923.09,12,Surat
ORD-00012,Keyboard,4074.21,15,Jaipur
ORD-00013,Phone,4870.95,13,Delhi
ORD-00014,Printer,1607.25,20,Bhopal
ORD-00015,Cable,1935.84,7,Kanpur
ORD-00016,Phone,419.95,8,Nagpur
ORD-00017,Keyboard,4929.05,8,Indore
ORD-00018,Phone,2024.6,15,Lucknow
ORD-00019,Cable,1951.18,12,Kolkata
ORD-00020,Monitor,3416.83,3,Surat
ORD-00021,SSD,1021.46,8,Bangalore
ORD-00022,Webcam,2021.38,18,Hyderabad
ORD-00023,SSD,1756.55,2,Hyderabad
ORD-00024,Cable,354.07,11,Pune
ORD-00025,Keyboard,517.7,19,Bhopal
ORD-00026,RAM,1710.44,16,Pune
ORD-00027,Router,4589.82,15,Bangalore
ORD-00028,Keyboard,870.22,18,Jaipur
ORD-00029,Keyboard,3785.66,14,Bhopal
ORD-00030,Speaker,2117.11,8,Bangalore
ORD-00031,Printer,2568.87,2,Indore
ORD-00032,Phone,933.63,6,Nagpur
ORD-00033,SSD,2226.36,3,Pune
ORD-00034,Headphones,3060.25,15,Jaipur
ORD-00035,Keyboard,4861.17,1,Lucknow
ORD-00036,RAM,749.84,18,Nagpur
ORD-00037,Keyboard,3889.26,11,Delhi
ORD-00038,Keyboard,2286.86,15,Mumbai
ORD-00039,RAM,4404.08,9,Jaipur
ORD-00040,Charger,1057.52,4,Indore
ORD-00041,SSD,1632.52,17,Surat
ORD-00042,Monitor,933.62,6,Jaipur
ORD-00043,Charger,4627.67,1,Surat
ORD-00044,Mouse,2545.3,4,Bhopal
ORD-00045,Mouse,4417.86,10,Hyderabad
ORD-00046,Laptop,1356.17,19,Delhi
ORD-00047,Phone,3713.15,3,Nagpur
ORD-00048,Printer,3876.0,5,Lucknow
ORD-00049,Webcam,4744.86,6,Chennai
ORD-00050,Printer,4387.67,14,Hyderabad
ORD-00051,Router,2788.61,7,Kanpur
ORD-00052,Keyboard,2115.15,12,Ahmedabad
ORD-00053,Router,2684.35,4,Hyderabad
ORD-00054,Monitor,507.31,1,Surat
ORD-00055,Printer,1304.54,8,Mumbai
ORD-00056,Phone,3597.63,2,Hyderabad
ORD-00057,Phone,4546.01,11,Delhi
ORD-00058,Printer,1342.41,16,Hyderabad
ORD-00059,Printer,835.09,19,Surat
ORD-00060,Webcam,1366.38,16,Nagpur
ORD-00061,Headphones,1113.96,4,Lucknow
ORD-00062,Headphones,1900.62,14,Ahmedabad
ORD-00063,Cable,3699.55,4,Mumbai
ORD-00064,Headphones,3695.42,4,Hyderabad
ORD-00065,Monitor,1112.99,15,Bangalore
ORD-00066,Headphones,1080.73,15,Hyderabad
ORD-00067,Cable,4631.66,15,Nagpur
ORD-00068,Cable,4308.63,4,Mumbai
ORD-00069,SSD,4996.55,1,Delhi
ORD-00070,Router,3817.1,8,Bangalore
ORD-00071,Headphones,2531.07,7,Indore
ORD-00072,Headphones,4531.72,6,Pune
ORD-00073,Laptop,4929.47,9,Bhopal
ORD-00074,Charger,3968.61,10,Pune
ORD-00075,RAM,4795.11,18,Lucknow
ORD-00076,RAM,2536.01,7,Chennai
ORD-00077,Monitor,4849.79,19,Kanpur
ORD-00078,Printer,492.59,11,Mumbai
ORD-00079,Laptop,3004.04,17,Bhopal
ORD-00080,Cable,2749.4,2,Jaipur
ORD-00081,Phone,4286.43,3,Surat
ORD-00082,Phone,3441.01,8,Pune
ORD-00083,Phone,4719.65,19,Hyderabad
ORD-00084,Speaker,3053.68,20,Delhi
ORD-00085,Headphones,3355.38,19,Jaipur
ORD-00086,Mouse,4686.58,7,Lucknow
ORD-00087,RAM,1708.07,9,Pune
ORD-00088,Tablet,3424.1,10,Ahmedabad
ORD-00089,Mouse,4659.28,3,Mumbai
ORD-00090,Webcam,3181.55,19,Delhi
ORD-00091,Phone,2780.64,17,Chennai
ORD-00092,Tablet,4679.64,3,Bhopal
ORD-00093,Monitor,1973.72,6,Ahmedabad
ORD-00094,Cable,2807.44,10,Surat
ORD-00095,Charger,3339.08,1,Lucknow
ORD-00096,Cable,2862.08,4,Bhopal
ORD-00097,Tablet,1469.43,4,Kanpur
ORD-00098,Printer,946.14,10,Surat
ORD-00099,Monitor,3644.53,7,Lucknow
ORD-00100,SSD,4293.97,17,Ahmedabad
ORD-00101,Keyboard,4545.61,2,Delhi
ORD-00102,SSD,2233.15,9,Mumbai
ORD-00103,Laptop,1801.06,5,Lucknow
ORD-00104,Keyboard,975.58,15,Jaipur
ORD-00105,RAM,2252.89,1,Delhi
ORD-00106,Phone,4736.23,5,Jaipur
ORD-00107,Laptop,4206.05,19,Jaipur
ORD-00108,Tablet,2262.97,2,Chennai
ORD-00109,Mouse,4515.1,2,Bhopal
ORD-00110,Mouse,1208.36,8,Lucknow
ORD-00111,Phone,1897.65,18,Bhopal
ORD-00112,Cable,2150.6,20,Kanpur
ORD-00113,Tablet,4643.66,8,Indore
ORD-00114,Tablet,4885.78,6,Bhopal
ORD-00115,Headphones,318.96,11,Nagpur
ORD-00116,Router,2176.21,8,Chennai
ORD-00117,Tablet,3979.39,4,Pune
ORD-00118,Cable,385.87,16,Hyderabad
ORD-00119,Monitor,4119.61,15,Kolkata
ORD-00120,Keyboard,4138.56,8,Hyderabad
ORD-00121,Laptop,3368.15,13,Kolkata
ORD-00122,Keyboard,4348.88,9,Kolkata
ORD-00123,SSD,2645.14,18,Kolkata
ORD-00124,Laptop,753.63,9,Bangalore
ORD-00125,Speaker,4820.15,9,Mumbai
ORD-00126,Phone,3063.53,12,Kanpur
ORD-00127,Charger,1705.64,20,Jaipur
ORD-00128,Phone,2048.93,19,Hyderabad
ORD-00129,Keyboard,413.05,14,Mumbai
ORD-00130,Printer,4642.75,18,Lucknow
ORD-00131,RAM,4713.25,7,Kolkata
ORD-00132,Headphones,535.86,11,Surat
ORD-00133,Mouse,3384.25,4,Kanpur
ORD-00134,Router,1641.54,10,Lucknow
ORD-00135,Headphones,1765.67,10,Jaipur
ORD-00136,Tablet,1120.82,13,Lucknow
ORD-00137,RAM,4533.46,20,Surat
ORD-00138,Keyboard,2149.15,1,Chennai
ORD-00139,Keyboard,1208.87,19,Surat
ORD-00140,SSD,1746.79,15,Ahmedabad
ORD-00141,SSD,1225.76,16,Nagpur
ORD-00142,Router,4807.18,6,Lucknow
ORD-00143,Phone,1562.16,20,Kolkata
ORD-00144,Phone,4128.42,8,Lucknow
ORD-00145,Keyboard,1278.27,7,Bangalore
ORD-00146,Laptop,421.82,16,Surat
ORD-00147,Cable,3888.74,15,Pune
ORD-00148,Router,3222.86,7,Kanpur
ORD-00149,RAM,2043.09,13,Hyderabad
ORD-00150,Tablet,3349.07,1,Bhopal
ORD-00151,Charger,4330.1,4,Nagpur
ORD-00152,Headphones,1250.43,17,Ahmedabad
ORD-00153,Laptop,2875.54,4,Ahmedabad
ORD-00154,Tablet,4046.79,17,Jaipur
ORD-00155,Speaker,1723.02,15,Surat
ORD-00156,Cable,3652.51,17,Pune
ORD-00157,Cable,4552.89,15,Bhopal
ORD-00158,Tablet,3769.54,16,Ahmedabad
ORD-00159,Keyboard,3808.52,9,Nagpur
ORD-00160,Charger,2702.23,8,Chennai
ORD-00161,Webcam,571.91,10,Hyderabad
ORD-00162,Keyboard,1812.06,18,Delhi
ORD-00163,Tablet,923.98,13,Kanpur
ORD-00164,Tablet,3590.8,3,Pune
ORD-00165,Headphones,1788.22,15,Pune
ORD-00166,Laptop,1192.8,14,Pune
ORD-00167,Router,3895.01,1,Indore
ORD-00168,Router,3874.84,13,Ahmedabad
ORD-00169,Laptop,4725.15,10,Nagpur
ORD-00170,Headphones,4296.54,14,Jaipur
ORD-00171,RAM,3726.23,20,Bhopal
ORD-00172,Monitor,2543.49,9,Pune
ORD-00173,Webcam,339.31,11,Lucknow
ORD-00174,SSD,4031.07,6,Indore
ORD-00175,Webcam,4613.79,20,Jaipur
ORD-00176,Laptop,4553.25,19,Surat
ORD-00177,SSD,330.08,14,Bangalore
ORD-00178,Cable,2416.14,2,Chennai
ORD-00179,Headphones,1771.28,15,Kolkata
ORD-00180,Mouse,3853.89,13,Chennai
ORD-00181,Charger,4765.77,14,Chennai
ORD-00182,Cable,593.14,1,Kanpur
ORD-00183,Printer,450.0,12,Hyderabad
ORD-00184,SSD,529.36,2,Nagpur
ORD-00185,Laptop,4758.13,7,Indore
ORD-00186,Laptop,3182.4,8,Bangalore
ORD-00187,Webcam,3413.39,19,Hyderabad
ORD-00188,Webcam,3557.42,12,Bangalore
ORD-00189,Speaker,3114.78,4,Nagpur
ORD-00190,Cable,986.07,10,Delhi
ORD-00191,Speaker,323.25,10,Surat
ORD-00192,SSD,4558.52,13,Pune
ORD-00193,RAM,1151.97,19,Kanpur
ORD-00194,Cable,3210.75,4,Kanpur
ORD-00195,Charger,1647.59,20,Nagpur
ORD-00196,Phone,4021.88,19,Nagpur
ORD-00197,Laptop,1866.57,14,Lucknow
ORD-00198,Mouse,530.98,11,Mumbai
ORD-00199,Cable,2216.27,16,Delhi
ORD-00200,Headphones,4811.77,15,Kanpur
ORD-00201,Tablet,2290.33,17,Lucknow
ORD-00202,Keyboard,3156.37,18,Nagpur
ORD-00203,Webcam,2431.38,19,Chennai
ORD-00204,Mouse,4288.21,3,Chennai
ORD-00205,Router,2363.84,15,Surat
ORD-00206,Speaker,3407.29,11,Mumbai
ORD-00207,Webcam,4284.56,6,Ahmedabad
ORD-00208,Monitor,1903.15,9,Kolkata
ORD-00209,Keyboard,4425.53,9,Jaipur
ORD-00210,Laptop,2679.8,7,Delhi
ORD-00211,Monitor,3656.35,16,Jaipur
ORD-00212,Charger,1353.54,16,Lucknow
ORD-00213,RAM,2555.93,1,Delhi
ORD-00214,Keyboard,1263.65,8,Chennai
ORD-00215,SSD,2991.46,16,Jaipur
ORD-00216,Printer,1850.03,18,Kolkata
ORD-00217,Mouse,3573.69,9,Chennai
ORD-00218,Keyboard,1306.57,7,Kolkata
ORD-00219,Phone,3765.82,6,Hyderabad
ORD-00220,Monitor,3745.29,9,Kanpur
ORD-00221,Speaker,4887.7,17,Surat
ORD-00222,Keyboard,4906.44,7,Chennai
ORD-00223,Monitor,1932.22,10,Mumbai
ORD-00224,RAM,2763.84,9,Mumbai
ORD-00225,Laptop,2856.11,5,Lucknow
ORD-00226,Cable,3813.39,4,Indore
ORD-00227,Laptop,2955.5,16,Ahmedabad
ORD-00228,Webcam,1835.38,2,Chennai
ORD-00229,Cable,2493.09,3,Pune
ORD-00230,Webcam,555.58,2,Bangalore
ORD-00231,Tablet,4093.47,10,Delhi
ORD-00232,Monitor,768.56,14,Surat
ORD-00233,Speaker,3995.55,8,Nagpur
ORD-00234,Printer,2025.8,15,Chennai
ORD-00235,Cable,3024.91,14,Chennai
ORD-00236,Speaker,3180.92,20,Kanpur
ORD-00237,Phone,4748.42,7,Lucknow
ORD-00238,Monitor,1470.29,3,Bangalore
ORD-00239,Monitor,1034.3,3,Bangalore
ORD-00240,Laptop,2160.87,20,Ahmedabad
ORD-00241,Keyboard,356.66,10,Kanpur
ORD-00242,Keyboard,3574.33,15,Delhi
ORD-00243,SSD,1320.42,9,Nagpur
ORD-00244,Charger,3200.27,7,Pune
ORD-00245,Phone,2813.89,5,Bhopal
ORD-00246,Keyboard,4167.82,3,Mumbai
ORD-00247,Tablet,4004.61,20,Kanpur
ORD-00248,Cable,2932.18,10,Ahmedabad
ORD-00249,Phone,2449.74,10,Kanpur
ORD-00250,Headphones,4724.84,17,Jaipur
ORD-00251,Webcam,2301.23,20,Mumbai
ORD-00252,Router,2273.73,11,Surat
ORD-00253,Keyboard,324.14,8,Lucknow
ORD-00254,Cable,4330.47,19,Mumbai
ORD-00255,Charger,3426.94,9,Surat
ORD-00256,Laptop,3862.91,6,Ahmedabad
ORD-00257,Printer,3327.24,9,Bangalore
ORD-00258,Speaker,2292.24,16,Delhi
ORD-00259,Webcam,1870.2,11,Kolkata
ORD-00260,SSD,702.07,6,Kolkata
ORD-00261,Headphones,3529.62,10,Lucknow
ORD-00262,Headphones,4105.11,18,Mumbai
ORD-00263,Webcam,622.68,9,Kolkata
ORD-00264,Phone,4856.88,13,Indore
ORD-00265,Printer,4159.64,1,Lucknow
ORD-00266,Cable,2804.44,14,Mumbai
ORD-00267,Monitor,2688.5,20,Nagpur
ORD-00268,Webcam,3201.95,2,Hyderabad
ORD-00269,Keyboard,2836.24,10,Ahmedabad
ORD-00270,Router,3551.59,4,Mumbai
ORD-00271,SSD,3122.57,8,Kanpur
ORD-00272,Tablet,1691.59,1,Jaipur
ORD-00273,Headphones,647.39,4,Ahmedabad
ORD-00274,Phone,3309.0,5,Ahmedabad
ORD-00275,Router,3639.69,17,Kanpur
ORD-00276,Keyboard,2194.34,16,Ahmedabad
ORD-00277,Monitor,2392.57,5,Pune
ORD-00278,Monitor,4624.96,17,Kanpur
ORD-00279,Router,855.23,3,Chennai
ORD-00280,Charger,3992.02,14,Kolkata
ORD-00281,Router,3981.03,9,Indore
ORD-00282,Laptop,1557.62,10,Indore
ORD-00283,Speaker,2983.62,16,Indore
ORD-00284,Tablet,2343.42,16,Kolkata
ORD-00285,Mouse,2849.19,18,Pune
ORD-00286,Webcam,4677.68,7,Kanpur
ORD-00287,Monitor,2944.62,8,Indore
ORD-00288,Charger,2171.71,11,Kanpur
ORD-00289,Webcam,3585.08,13,Pune
ORD-00290,SSD,4003.48,5,Ahmedabad
ORD-00291,Laptop,805.97,19,Kolkata
ORD-00292,Cable,681.74,15,Delhi
ORD-00293,Printer,4570.11,1,Kanpur
ORD-00294,Tablet,2167.89,5,Delhi
ORD-00295,Webcam,3951.31,9,Kolkata
ORD-00296,Speaker,3524.97,3,Indore
ORD-00297,Mouse,4291.23,18,Pune
ORD-00298,Mouse,3208.63,16,Indore
ORD-00299,Printer,372.31,3,Hyderabad
ORD-00300,SSD,3485.11,10,Hyderabad
ORD-00301,RAM,633.81,4,Nagpur
ORD-00302,SSD,3578.67,4,Ahmedabad
ORD-00303,Tablet,3531.2,1,Mumbai
ORD-00304,Mouse,4021.48,10,Kolkata
ORD-00305,Mouse,2267.29,8,Jaipur
ORD-00306,Headphones,2916.44,6,Bangalore
ORD-00307,Tablet,579.04,13,Surat
ORD-00308,SSD,1355.97,19,Bangalore
ORD-00309,Monitor,2413.51,9,Ahmedabad
ORD-00310,Keyboard,3400.83,15,Bhopal
ORD-00311,Keyboard,3452.52,6,Delhi
ORD-00312,Webcam,4737.12,19,Chennai
ORD-00313,SSD,4817.73,9,Ahmedabad
ORD-00314,Cable,1650.17,13,Indore
ORD-00315,Webcam,711.93,13,Surat
ORD-00316,Mouse,2959.09,10,Mumbai
ORD-00317,Cable,3359.49,9,Mumbai
ORD-00318,Speaker,4352.31,2,Bhopal
ORD-00319,Speaker,3776.82,10,Nagpur
ORD-00320,Charger,1304.56,12,Hyderabad
ORD-00321,SSD,1112.62,9,Lucknow
ORD-00322,Charger,3660.45,5,Lucknow
ORD-00323,Phone,4536.33,2,Chennai
ORD-00324,Charger,2315.94,19,Kolkata
ORD-00325,RAM,830.77,10,Kolkata
ORD-00326,RAM,2194.4,7,Bangalore
ORD-00327,Charger,2789.15,12,Jaipur
ORD-00328,Printer,4584.73,6,Chennai
ORD-00329,Router,4158.5,16,Nagpur
ORD-00330,Keyboard,3783.47,11,Nagpur
ORD-00331,Phone,2447.98,3,Bangalore
ORD-00332,Charger,4839.19,13,Indore
ORD-00333,Charger,2875.09,3,Nagpur
ORD-00334,Headphones,266.8,18,Delhi
ORD-00335,Webcam,1969.2,9,Surat
ORD-00336,Headphones,4147.59,12,Delhi
ORD-00337,SSD,1322.34,1,Surat
ORD-00338,Router,4727.2,11,Bhopal
ORD-00339,Speaker,1262.55,3,Lucknow
ORD-00340,Cable,2428.47,10,Lucknow
ORD-00341,Headphones,760.03,2,Mumbai
ORD-00342,Keyboard,4980.44,4,Delhi
ORD-00343,Monitor,4458.83,5,Pune
ORD-00344,Webcam,1980.85,18,Pune
ORD-00345,Speaker,3762.88,5,Bhopal
ORD-00346,Headphones,3343.62,16,Surat
ORD-00347,Headphones,4707.44,9,Mumbai
ORD-00348,RAM,1978.53,15,Ahmedabad
ORD-00349,Monitor,4306.15,4,Lucknow
ORD-00350,Mouse,2813.43,12,Mumbai
ORD-00351,Headphones,1524.22,4,Indore
ORD-00352,Cable,2382.63,7,Lucknow
ORD-00353,SSD,3066.29,1,Mumbai
ORD-00354,Charger,1800.83,5,Nagpur
ORD-00355,Speaker,1184.98,18,Hyderabad
ORD-00356,Speaker,1236.56,8,Kolkata
ORD-00357,Charger,908.25,20,Mumbai
ORD-00358,Keyboard,4320.34,5,Bangalore
ORD-00359,Printer,1403.13,6,Delhi
ORD-00360,SSD,4358.94,5,Mumbai
ORD-00361,Mouse,3991.92,8,Surat
ORD-00362,Mouse,275.74,9,Mumbai
ORD-00363,Tablet,3760.24,17,Delhi
ORD-00364,RAM,505.07,15,Nagpur
ORD-00365,Mouse,2663.53,4,Ahmedabad
ORD-00366,Printer,1263.43,20,Mumbai
ORD-00367,RAM,3959.48,17,Chennai
ORD-00368,Webcam,3288.03,1,Mumbai
ORD-00369,Webcam,4267.02,14,Lucknow
ORD-00370,Phone,2553.28,15,Delhi
ORD-00371,Router,587.78,20,Bangalore
ORD-00372,Phone,805.71,20,Lucknow
ORD-00373,Speaker,2832.1,11,Pune
ORD-00374,Speaker,2746.66,15,Jaipur
ORD-00375,Speaker,2264.95,4,Indore
ORD-00376,SSD,3324.39,18,Kanpur
ORD-00377,Cable,1232.1,15,Bhopal
ORD-00378,Monitor,2186.3,15,Pune
ORD-00379,Headphones,3702.13,11,Pune
ORD-00380,Mouse,3392.51,12,Bangalore
ORD-00381,SSD,4630.32,3,Delhi
ORD-00382,Cable,609.74,14,Delhi
ORD-00383,RAM,3746.21,5,Jaipur
ORD-00384,Laptop,3015.02,18,Jaipur
ORD-00385,Mouse,3416.05,14,Kolkata
ORD-00386,Cable,3393.62,14,Indore
ORD-00387,Router,3661.08,10,Surat
ORD-00388,Keyboard,1887.89,19,Jaipur
ORD-00389,Monitor,942.69,16,Hyderabad
ORD-00390,Cable,719.44,18,Kolkata
ORD-00391,Phone,3860.5,19,Hyderabad
ORD-00392,Charger,2259.73,18,Nagpur
ORD-00393,Cable,3184.26,18,Mumbai
ORD-00394,Speaker,4659.59,9,Mumbai
ORD-00395,Tablet,1511.69,10,Bhopal
ORD-00396,Mouse,1884.9,6,Indore
ORD-00397,Tablet,2918.33,13,Delhi
ORD-00398,Tablet,3756.64,1,Delhi
ORD-00399,RAM,2746.31,13,Pune
ORD-00400,Webcam,1836.29,12,Chennai
ORD-00401,RAM,1757.03,19,Surat
ORD-00402,Phone,4440.03,5,Bangalore
ORD-00403,Charger,3165.61,3,Chennai
ORD-00404,Webcam,3377.3,16,Surat
ORD-00405,Webcam,2188.07,7,Nagpur
ORD-00406,Printer,746.31,14,Delhi
ORD-00407,Keyboard,3455.44,19,Ahmedabad
ORD-00408,Printer,3402.23,2,Hyderabad
ORD-00409,Headphones,4925.33,2,Mumbai
ORD-00410,Monitor,1646.8,7,Nagpur
ORD-00411,Tablet,3867.96,10,Kolkata
ORD-00412,Phone,237.09,14,Bangalore
ORD-00413,Tablet,2024.99,8,Jaipur
ORD-00414,Printer,4200.09,12,Delhi
ORD-00415,Headphones,4336.46,2,Pune
ORD-00416,Laptop,2406.81,3,Indore
ORD-00417,Mouse,2963.63,19,Pune
ORD-00418,RAM,3272.67,10,Delhi
ORD-00419,Headphones,300.1,11,Bangalore
ORD-00420,Charger,4748.54,15,Indore
ORD-00421,RAM,4614.88,3,Pune
ORD-00422,Cable,708.13,14,Surat
ORD-00423,Headphones,2715.01,13,Indore
ORD-00424,Keyboard,3779.85,8,Kolkata
ORD-00425,Charger,1007.03,17,Lucknow
ORD-00426,Phone,2746.89,7,Bhopal
ORD-00427,Charger,1876.99,5,Hyderabad
ORD-00428,Phone,902.92,7,Bangalore
ORD-00429,Speaker,933.76,3,Bangalore
ORD-00430,Charger,3214.14,15,Nagpur
ORD-00431,Speaker,3847.4,15,Lucknow
ORD-00432,Router,4433.82,20,Kolkata
ORD-00433,Cable,4860.66,11,Bangalore
ORD-00434,Webcam,527.76,15,Lucknow
ORD-00435,Keyboard,4022.37,19,Mumbai
ORD-00436,Mouse,2635.21,10,Ahmedabad
ORD-00437,Webcam,380.5,12,Indore
ORD-00438,Keyboard,568.3,3,Surat
ORD-00439,Speaker,2633.92,15,Surat
ORD-00440,Printer,4780.3,2,Ahmedabad
ORD-00441,Router,4087.11,7,Kolkata
ORD-00442,Speaker,2483.01,5,Mumbai
ORD-00443,Webcam,696.8,11,Kanpur
ORD-00444,Phone,2621.83,6,Mumbai
ORD-00445,Monitor,3596.57,15,Jaipur
ORD-00446,Printer,3127.06,12,Kolkata
ORD-00447,Router,1557.88,14,Nagpur
ORD-00448,Mouse,3458.7,2,Nagpur
ORD-00449,SSD,3307.06,3,Kolkata
ORD-00450,Phone,2878.21,13,Chennai
ORD-00451,Keyboard,3673.91,20,Indore
ORD-00452,Tablet,1800.13,19,Lucknow
ORD-00453,Tablet,4600.37,10,Lucknow
ORD-00454,RAM,3378.24,5,Surat
ORD-00455,RAM,4702.4,10,Jaipur
ORD-00456,Headphones,3288.76,11,Indore
ORD-00457,Tablet,3416.55,17,Delhi
ORD-00458,SSD,3418.18,17,Kolkata
ORD-00459,Laptop,1940.46,6,Hyderabad
ORD-00460,Mouse,4748.8,16,Hyderabad
ORD-00461,Monitor,4999.88,5,Delhi
ORD-00462,Keyboard,4253.25,4,Jaipur
ORD-00463,Charger,2790.89,17,Mumbai
ORD-00464,SSD,1816.46,20,Bangalore
ORD-00465,Speaker,2008.25,6,Bangalore
ORD-00466,Cable,3525.65,20,Nagpur
ORD-00467,Router,994.58,15,Mumbai
ORD-00468,Headphones,1948.63,8,Ahmedabad
ORD-00469,Speaker,1567.64,15,Hyderabad
ORD-00470,Printer,1348.0,16,Bhopal
ORD-00471,Cable,1131.27,19,Ahmedabad
ORD-00472,Webcam,3893.3,13,Jaipur
ORD-00473,Printer,2209.56,6,Indore
ORD-00474,Monitor,4046.03,5,Indore
ORD-00475,Keyboard,450.45,16,Indore
ORD-00476,Mouse,2861.79,4,Kanpur
ORD-00477,Cable,2676.36,4,Chennai
ORD-00478,Phone,3862.95,9,Ahmedabad
ORD-00479,Router,2664.08,14,Delhi
ORD-00480,Router,1265.77,15,Bhopal
ORD-00481,Mouse,4666.26,14,Mumbai
ORD-00482,Headphones,2609.62,8,Pune
ORD-00483,Phone,1999.57,1,Kolkata
ORD-00484,Router,675.59,11,Nagpur
ORD-00485,Tablet,860.47,10,Bhopal
ORD-00486,Cable,2467.77,5,Nagpur
ORD-00487,RAM,2451.72,20,Mumbai
ORD-00488,Router,580.27,9,Hyderabad
ORD-00489,Cable,917.68,20,Jaipur
ORD-00490,Headphones,733.69,10,Hyderabad
ORD-00491,Keyboard,784.86,8,Pune
ORD-00492,SSD,4010.71,15,Delhi
ORD-00493,Phone,4216.09,16,Surat
ORD-00494,Printer,278.88,17,Surat
ORD-00495,Monitor,3649.0,10,Pune
ORD-00496,Laptop,3151.08,8,Surat
ORD-00497,Headphones,1099.1,3,Jaipur
ORD-00498,Mouse,524.85,17,Jaipur
ORD-00499,Printer,3974.77,17,Jaipur
ORD-00500,Laptop,2074.17,16,Mumbai
ORD-00501,SSD,2057.02,12,Chennai
ORD-00502,RAM,277.95,3,Kolkata
ORD-00503,Monitor,3718.11,4,Nagpur
ORD-00504,Speaker,3728.89,11,Bangalore
ORD-00505,Laptop,1891.03,11,Indore
ORD-00506,SSD,1040.42,15,Kanpur
ORD-00507,Webcam,3232.32,5,Delhi
ORD-00508,RAM,3925.7,15,Mumbai
ORD-00509,Keyboard,1167.63,7,Bhopal
ORD-00510,Laptop,1714.85,10,Jaipur
ORD-00511,Headphones,4947.78,18,Ahmedabad
ORD-00512,Keyboard,375.77,7,Chennai
ORD-00513,Mouse,4338.25,2,Indore
ORD-00514,SSD,1793.23,4,Nagpur
ORD-00515,Mouse,2297.36,13,Kanpur
ORD-00516,Webcam,4494.25,13,Kolkata
ORD-00517,Tablet,2581.77,16,Kolkata
ORD-00518,Router,4026.99,9,Nagpur
ORD-00519,Phone,3689.98,3,Pune
ORD-00520,Speaker,4976.46,6,Jaipur
ORD-00521,Keyboard,1741.8,3,Kolkata
ORD-00522,SSD,1619.06,15,Surat
ORD-00523,RAM,2245.35,15,Kolkata
ORD-00524,Webcam,403.29,12,Surat
ORD-00525,Headphones,1517.86,2,Delhi
ORD-00526,SSD,3260.05,12,Jaipur
ORD-00527,Charger,3799.5,6,Mumbai
ORD-00528,Tablet,4273.6,15,Mumbai
ORD-00529,Tablet,522.71,12,Kolkata
ORD-00530,Headphones,4757.43,2,Surat
ORD-00531,Tablet,3459.49,12,Kolkata
ORD-00532,Webcam,3862.8,19,Bangalore
ORD-00533,Printer,1961.35,11,Lucknow
ORD-00534,Keyboard,1398.13,4,Mumbai
ORD-00535,RAM,1093.02,17,Pune
ORD-00536,Router,2896.02,9,Nagpur
ORD-00537,Keyboard,3579.37,7,Surat
ORD-00538,Keyboard,3531.1,16,Hyderabad
ORD-00539,Phone,851.49,3,Ahmedabad
ORD-00540,Tablet,4513.65,15,Delhi
ORD-00541,Charger,3473.25,11,Lucknow
ORD-00542,Mouse,3605.78,18,Jaipur
ORD-00543,Keyboard,4478.38,6,Kanpur
ORD-00544,RAM,4651.15,6,Nagpur
ORD-00545,Mouse,2642.02,4,Hyderabad
ORD-00546,Charger,866.6,16,Mumbai
ORD-00547,Mouse,2859.29,12,Ahmedabad
ORD-00548,Charger,4918.45,5,Surat
ORD-00549,Router,613.82,10,Pune
ORD-00550,RAM,3650.56,17,Pune
ORD-00551,Charger,2165.27,19,Delhi
ORD-00552,Tablet,4867.41,3,Ahmedabad
ORD-00553,Webcam,3464.51,12,Bangalore
ORD-00554,Router,4179.45,18,Lucknow
ORD-00555,Speaker,1073.41,5,Pune
ORD-00556,Printer,4571.41,2,Indore
ORD-00557,Phone,2686.88,10,Bangalore
ORD-00558,Tablet,1748.76,8,Kolkata
ORD-00559,Printer,4495.63,3,Chennai
ORD-00560,Monitor,3248.26,18,Chennai
ORD-00561,Tablet,3200.1,20,Jaipur
ORD-00562,Phone,2612.34,6,Surat
ORD-00563,Speaker,940.12,20,Kanpur
ORD-00564,Router,3104.66,19,Mumbai
ORD-00565,Cable,4346.14,3,Mumbai
ORD-00566,SSD,3900.9,9,Lucknow
ORD-00567,Monitor,3881.39,14,Surat
ORD-00568,SSD,345.36,18,Chennai
ORD-00569,SSD,4791.91,16,Hyderabad
ORD-00570,Charger,4075.27,13,Chennai
ORD-00571,Webcam,550.26,2,Bangalore
ORD-00572,Webcam,2194.97,15,Hyderabad
ORD-00573,Mouse,3111.96,11,Indore
ORD-00574,RAM,1732.71,12,Pune
ORD-00575,Tablet,3851.18,17,Jaipur
ORD-00576,Phone,1731.75,15,Delhi
ORD-00577,Keyboard,2358.05,5,Delhi
ORD-00578,Laptop,1593.01,13,Indore
ORD-00579,Speaker,2207.04,6,Indore
ORD-00580,Mouse,4682.0,11,Hyderabad
ORD-00581,Charger,964.83,17,Ahmedabad
ORD-00582,Webcam,4419.55,16,Mumbai
ORD-00583,Phone,4737.11,17,Ahmedabad
ORD-00584,Monitor,1232.68,12,Mumbai
ORD-00585,Laptop,1550.5,20,Bhopal
ORD-00586,Cable,3340.44,16,Chennai
ORD-00587,Printer,239.24,4,Pune
ORD-00588,Tablet,4435.78,12,Nagpur
ORD-00589,Headphones,1956.49,13,Mumbai
ORD-00590,Speaker,2896.71,12,Jaipur
ORD-00591,Keyboard,552.94,17,Ahmedabad
ORD-00592,Charger,2839.3,20,Lucknow
ORD-00593,Speaker,770.28,4,Pune
ORD-00594,Mouse,4015.5,11,Jaipur
ORD-00595,Mouse,3823.82,7,Surat
ORD-00596,Printer,2126.65,2,Mumbai
ORD-00597,Laptop,857.76,11,Nagpur
ORD-00598,Webcam,2692.79,5,Surat
ORD-00599,Router,2674.42,11,Bhopal
ORD-00600,Speaker,1728.93,13,Surat
ORD-00601,RAM,4244.48,19,Kolkata
ORD-00602,Printer,4175.78,18,Ahmedabad
ORD-00603,RAM,2902.03,16,Indore
ORD-00604,Laptop,1968.11,4,Pune
ORD-00605,Speaker,1676.84,1,Surat
ORD-00606,Webcam,1474.54,19,Surat
ORD-00607,Monitor,3662.71,19,Ahmedabad
ORD-00608,Tablet,2716.31,20,Nagpur
ORD-00609,Cable,2024.9,8,Mumbai
ORD-00610,Speaker,4751.37,4,Hyderabad
ORD-00611,Laptop,2316.98,14,Bangalore
ORD-00612,Headphones,3514.39,14,Jaipur
ORD-00613,Charger,3135.08,16,Indore
ORD-00614,Cable,3732.01,2,Kanpur
ORD-00615,Tablet,2689.67,18,Kolkata
ORD-00616,SSD,2496.17,13,Kolkata
ORD-00617,Tablet,2406.37,18,Kolkata
ORD-00618,Printer,1900.57,9,Surat
ORD-00619,Webcam,1122.86,8,Chennai
ORD-00620,Printer,1632.79,10,Nagpur
ORD-00621,Keyboard,3583.51,16,Kolkata
ORD-00622,Webcam,1874.25,9,Chennai
ORD-00623,Phone,2952.68,18,Pune
ORD-00624,Router,4904.76,12,Nagpur
ORD-00625,Charger,903.08,2,Chennai
ORD-00626,RAM,579.33,15,Lucknow
ORD-00627,Keyboard,3787.21,7,Hyderabad
ORD-00628,Cable,2785.16,18,Kanpur
ORD-00629,Keyboard,858.9,20,Kanpur
ORD-00630,Speaker,1348.54,2,Lucknow
ORD-00631,Router,2748.99,8,Mumbai
ORD-00632,Phone,2183.84,16,Delhi
ORD-00633,SSD,3899.67,1,Jaipur
ORD-00634,Router,958.11,16,Ahmedabad
ORD-00635,SSD,1157.38,10,Kolkata
ORD-00636,Keyboard,3300.3,3,Lucknow
ORD-00637,Speaker,1314.65,2,Bhopal
ORD-00638,Router,1040.3,6,Bhopal
ORD-00639,Router,374.42,13,Nagpur
ORD-00640,Webcam,1094.29,10,Bhopal
ORD-00641,Laptop,244.47,19,Surat
ORD-00642,Phone,4656.57,11,Chennai
ORD-00643,Webcam,4947.67,18,Jaipur
ORD-00644,Webcam,4468.44,5,Indore
ORD-00645,Printer,2446.49,7,Nagpur
ORD-00646,Phone,1787.27,15,Lucknow
ORD-00647,Keyboard,3649.26,1,Kanpur
ORD-00648,Mouse,3995.67,19,Lucknow
ORD-00649,Charger,1127.16,20,Indore
ORD-00650,SSD,4505.8,14,Jaipur
ORD-00651,Mouse,616.33,4,Bangalore
ORD-00652,Tablet,2491.77,8,Mumbai
ORD-00653,Keyboard,2041.15,15,Nagpur
ORD-00654,Keyboard,4779.36,10,Surat
ORD-00655,RAM,2949.8,9,Lucknow
ORD-00656,Mouse,3525.28,2,Lucknow
ORD-00657,Phone,2433.89,6,Pune
ORD-00658,SSD,2612.09,10,Kanpur
ORD-00659,Phone,3265.8,10,Kolkata
ORD-00660,Speaker,1260.07,5,Ahmedabad
ORD-00661,Tablet,2383.89,20,Kolkata
ORD-00662,Headphones,3569.31,16,Nagpur
ORD-00663,Printer,4049.57,7,Nagpur
ORD-00664,Monitor,3465.63,20,Indore
ORD-00665,Charger,592.97,15,Jaipur
ORD-00666,RAM,1936.56,19,Delhi
ORD-00667,Laptop,4178.11,17,Hyderabad
ORD-00668,Speaker,2775.96,6,Kolkata
ORD-00669,Cable,2697.63,4,Lucknow
ORD-00670,Monitor,3641.2,16,Delhi
ORD-00671,Router,2649.79,2,Ahmedabad
ORD-00672,Tablet,2663.58,15,Surat
ORD-00673,Laptop,2882.22,10,Kanpur
ORD-00674,Laptop,2100.54,1,Kanpur
ORD-00675,Monitor,2975.88,2,Pune
ORD-00676,Mouse,3561.84,18,Mumbai
ORD-00677,Router,4492.24,16,Mumbai
ORD-00678,Keyboard,2162.55,5,Nagpur
ORD-00679,SSD,4895.99,14,Kolkata
ORD-00680,Router,2035.89,13,Pune
ORD-00681,Phone,3477.1,18,Bangalore
ORD-00682,SSD,4329.37,4,Bangalore
ORD-00683,Printer,2086.67,5,Kanpur
ORD-00684,Monitor,4207.13,1,Chennai
ORD-00685,Webcam,3432.79,18,Pune
ORD-00686,Printer,2020.52,8,Hyderabad
ORD-00687,Webcam,1861.56,9,Hyderabad
ORD-00688,Router,4400.99,4,Mumbai
ORD-00689,Charger,3368.94,20,Nagpur
ORD-00690,Router,4442.02,1,Hyderabad
ORD-00691,Monitor,522.99,20,Mumbai
ORD-00692,Webcam,3069.36,2,Hyderabad
ORD-00693,RAM,412.33,15,Hyderabad
ORD-00694,Printer,1242.88,2,Bangalore
ORD-00695,Printer,4968.71,8,Indore
ORD-00696,Router,3711.27,11,Surat
ORD-00697,Speaker,3908.17,11,Hyderabad
ORD-00698,Keyboard,4406.03,17,Hyderabad
ORD-00699,Headphones,1642.39,2,Jaipur
ORD-00700,Speaker,4422.62,6,Lucknow
ORD-00701,SSD,2250.55,16,Mumbai
ORD-00702,Mouse,4719.6,13,Nagpur
ORD-00703,Printer,1729.92,14,Pune
ORD-00704,Tablet,1639.45,6,Nagpur
ORD-00705,Printer,2472.88,8,Chennai
ORD-00706,Cable,3596.36,15,Bhopal
ORD-00707,Laptop,2899.44,14,Jaipur
ORD-00708,Printer,843.64,8,Chennai
ORD-00709,Monitor,1785.25,3,Bhopal
ORD-00710,Webcam,4266.23,3,Jaipur
ORD-00711,RAM,4181.14,2,Chennai
ORD-00712,Headphones,3433.62,20,Mumbai
ORD-00713,Cable,549.35,19,Kanpur
ORD-00714,SSD,2882.47,16,Hyderabad
ORD-00715,Cable,4553.75,10,Bhopal
ORD-00716,Laptop,1216.67,7,Kanpur
ORD-00717,Phone,3785.01,16,Bhopal
ORD-00718,Monitor,3539.0,7,Pune
ORD-00719,Router,1348.78,11,Nagpur
ORD-00720,Keyboard,2027.17,18,Lucknow
ORD-00721,Mouse,1680.42,12,Jaipur
ORD-00722,Router,2586.92,4,Nagpur
ORD-00723,RAM,2453.54,11,Bhopal
ORD-00724,Monitor,1979.37,14,Mumbai
ORD-00725,Speaker,4347.6,5,Mumbai
ORD-00726,Keyboard,2855.89,19,Surat
ORD-00727,RAM,2204.36,5,Hyderabad
ORD-00728,Mouse,1304.08,19,Indore
ORD-00729,Monitor,2596.64,11,Chennai
ORD-00730,Charger,4143.63,16,Ahmedabad
ORD-00731,Tablet,3717.3,12,Bangalore
ORD-00732,Tablet,3657.49,16,Bangalore
ORD-00733,Router,4468.94,2,Jaipur
ORD-00734,Laptop,4227.52,3,Indore
ORD-00735,SSD,432.86,1,Pune
ORD-00736,Tablet,4244.2,8,Delhi
ORD-00737,RAM,924.93,7,Jaipur
ORD-00738,Webcam,1991.35,20,Lucknow
ORD-00739,SSD,4682.73,16,Lucknow
ORD-00740,Webcam,275.5,18,Jaipur
ORD-00741,Headphones,256.87,17,Kanpur
ORD-00742,Keyboard,2771.53,10,Mumbai
ORD-00743,Printer,4103.14,14,Nagpur
ORD-00744,Router,1060.47,4,Jaipur
ORD-00745,Tablet,1356.64,20,Jaipur
ORD-00746,Keyboard,4113.02,9,Nagpur
ORD-00747,Headphones,579.28,13,Ahmedabad
ORD-00748,Speaker,1367.39,8,Chennai
ORD-00749,SSD,4174.69,3,Lucknow
ORD-00750,Cable,3319.48,2,Delhi
ORD-00751,Headphones,2020.46,18,Ahmedabad
ORD-00752,Laptop,3256.38,6,Delhi
ORD-00753,Webcam,4257.57,11,Surat
ORD-00754,Cable,4874.42,17,Bhopal
ORD-00755,Laptop,1302.87,19,Ahmedabad
ORD-00756,Keyboard,423.49,3,Lucknow
ORD-00757,Router,1545.78,18,Surat
ORD-00758,SSD,357.92,11,Mumbai
ORD-00759,Monitor,3017.76,13,Bhopal
ORD-00760,Phone,1636.52,19,Hyderabad
ORD-00761,Speaker,4206.31,13,Lucknow
ORD-00762,Router,2794.69,13,Nagpur
ORD-00763,RAM,871.75,3,Jaipur
ORD-00764,RAM,4876.74,2,Delhi
ORD-00765,Headphones,1314.28,3,Kolkata
ORD-00766,Speaker,3891.22,20,Pune
ORD-00767,Charger,1766.6,9,Nagpur
ORD-00768,Webcam,2554.89,12,Jaipur
ORD-00769,Headphones,2272.86,19,Lucknow
ORD-00770,Headphones,611.32,20,Chennai
ORD-00771,Charger,1382.95,3,Delhi
ORD-00772,Keyboard,940.25,5,Kanpur
ORD-00773,Headphones,1720.05,4,Delhi
ORD-00774,Laptop,4726.2,15,Kolkata
ORD-00775,Charger,1494.87,5,Delhi
ORD-00776,Tablet,2268.69,18,Jaipur
ORD-00777,Printer,2158.6,1,Delhi
ORD-00778,Mouse,2860.25,20,Surat
ORD-00779,Charger,1757.26,13,Mumbai
ORD-00780,Keyboard,2186.28,3,Kanpur
ORD-00781,Router,2885.77,8,Surat
ORD-00782,Printer,1013.99,13,Bangalore
ORD-00783,Tablet,1490.8,9,Ahmedabad
ORD-00784,Tablet,503.67,14,Chennai
ORD-00785,Headphones,1638.8,3,Kolkata
ORD-00786,Keyboard,4732.26,16,Surat
ORD-00787,Speaker,1138.62,4,Bangalore
ORD-00788,Keyboard,232.47,13,Kolkata
ORD-00789,Cable,3176.91,11,Ahmedabad
ORD-00790,Mouse,2266.95,20,Bangalore
ORD-00791,Keyboard,1739.18,7,Ahmedabad
ORD-00792,Mouse,1052.65,13,Kolkata
ORD-00793,Keyboard,3727.39,16,Surat
ORD-00794,Charger,1363.63,13,Chennai
ORD-00795,Cable,3972.15,12,Delhi
ORD-00796,Router,2906.47,19,Jaipur
ORD-00797,Tablet,3472.21,18,Mumbai
ORD-00798,RAM,2415.78,7,Ahmedabad
ORD-00799,Charger,1598.38,3,Indore
ORD-00800,Cable,4019.14,14,Lucknow
ORD-00801,Webcam,868.05,10,Hyderabad
ORD-00802,Keyboard,3361.57,14,Nagpur
ORD-00803,Headphones,555.02,20,Ahmedabad
ORD-00804,Speaker,2123.85,17,Bhopal
ORD-00805,Router,4374.23,14,Jaipur
ORD-00806,Laptop,3995.45,12,Kanpur
ORD-00807,Router,4099.02,20,Lucknow
ORD-00808,Router,607.9,8,Lucknow
ORD-00809,SSD,1904.03,20,Mumbai
ORD-00810,Speaker,4921.31,13,Nagpur
ORD-00811,Mouse,4835.43,14,Delhi
ORD-00812,Laptop,673.3,8,Jaipur
ORD-00813,RAM,2690.22,19,Kanpur
ORD-00814,Speaker,1260.94,12,Pune
ORD-00815,Webcam,3907.23,19,Kanpur
ORD-00816,Printer,923.57,1,Ahmedabad
ORD-00817,Phone,1618.06,3,Delhi
ORD-00818,Cable,4715.24,5,Kolkata
ORD-00819,Keyboard,1846.71,7,Jaipur
ORD-00820,Webcam,1871.83,4,Ahmedabad
ORD-00821,RAM,3544.45,11,Delhi
ORD-00822,Keyboard,414.47,4,Mumbai
ORD-00823,Cable,1846.76,4,Lucknow
ORD-00824,Charger,988.89,8,Jaipur
ORD-00825,Tablet,2849.16,11,Jaipur
ORD-00826,Headphones,4800.61,8,Nagpur
ORD-00827,Headphones,3222.84,6,Lucknow
ORD-00828,SSD,2274.24,1,Kanpur
ORD-00829,Speaker,4438.86,15,Surat
ORD-00830,Headphones,2066.4,7,Hyderabad
ORD-00831,Keyboard,3811.15,3,Surat
ORD-00832,Phone,4037.6,18,Bangalore
ORD-00833,Mouse,1764.72,15,Delhi
ORD-00834,Keyboard,3419.36,16,Jaipur
ORD-00835,SSD,1704.33,13,Surat
ORD-00836,Headphones,3017.61,12,Kolkata
ORD-00837,Cable,2397.72,6,Indore
ORD-00838,SSD,3588.73,10,Bhopal
ORD-00839,Speaker,3032.8,5,Kolkata
ORD-00840,Phone,1345.14,4,Bangalore
ORD-00841,Mouse,3528.49,17,Pune
ORD-00842,Headphones,3062.83,19,Pune
ORD-00843,Headphones,1091.61,18,Kanpur
ORD-00844,Router,3297.24,6,Jaipur
ORD-00845,Tablet,2550.27,5,Bangalore
ORD-00846,Mouse,4241.52,20,Mumbai
ORD-00847,Cable,1923.38,1,Ahmedabad
ORD-00848,Tablet,1136.61,13,Jaipur
ORD-00849,Printer,3334.72,14,Lucknow
ORD-00850,Webcam,2195.02,15,Ahmedabad
ORD-00851,Tablet,596.81,1,Nagpur
ORD-00852,Charger,1258.53,2,Chennai
ORD-00853,Monitor,2780.51,6,Nagpur
ORD-00854,Webcam,2915.11,16,Jaipur
ORD-00855,Printer,743.4,4,Chennai
ORD-00856,Charger,2806.9,12,Jaipur
ORD-00857,Cable,3832.56,15,Jaipur
ORD-00858,Monitor,4950.91,4,Kanpur
ORD-00859,Cable,3337.61,8,Chennai
ORD-00860,Cable,4996.69,15,Chennai
ORD-00861,Mouse,4338.55,3,Ahmedabad
ORD-00862,Cable,4970.99,8,Hyderabad
ORD-00863,Charger,3740.53,12,Indore
ORD-00864,RAM,3129.25,14,Bangalore
ORD-00865,Speaker,868.32,7,Indore
ORD-00866,Monitor,4066.1,19,Kolkata
ORD-00867,Printer,1549.2,18,Bangalore
ORD-00868,Mouse,4899.19,10,Chennai
ORD-00869,Speaker,1483.24,17,Bhopal
ORD-00870,SSD,4112.86,5,Nagpur
ORD-00871,Charger,2175.65,2,Chennai
ORD-00872,Cable,3348.29,5,Hyderabad
ORD-00873,Tablet,3614.69,8,Nagpur
ORD-00874,Cable,3445.92,16,Bangalore
ORD-00875,Speaker,3235.52,14,Pune
ORD-00876,Webcam,562.47,3,Pune
ORD-00877,Printer,3799.04,12,Ahmedabad
ORD-00878,Webcam,1770.98,1,Indore
ORD-00879,Charger,4266.39,3,Kanpur
ORD-00880,Webcam,3247.22,12,Indore
ORD-00881,Phone,4019.24,13,Hyderabad
ORD-00882,Headphones,4159.26,16,Chennai
ORD-00883,Mouse,4176.04,11,Jaipur
ORD-00884,Speaker,826.84,16,Nagpur
ORD-00885,Mouse,4491.93,2,Mumbai
ORD-00886,Phone,3205.65,15,Mumbai
ORD-00887,Phone,4661.27,6,Ahmedabad
ORD-00888,Webcam,203.23,14,Hyderabad
ORD-00889,RAM,4565.14,10,Bangalore
ORD-00890,Cable,4677.07,9,Delhi
ORD-00891,SSD,1930.08,3,Kolkata
ORD-00892,SSD,4538.23,6,Mumbai
ORD-00893,Headphones,3202.89,8,Pune
ORD-00894,SSD,637.75,4,Mumbai
ORD-00895,Monitor,2488.66,5,Surat
ORD-00896,Monitor,2693.32,15,Mumbai
ORD-00897,Laptop,3538.86,4,Indore
ORD-00898,Headphones,3531.34,16,Delhi
ORD-00899,Monitor,2038.73,4,Delhi
ORD-00900,Mouse,1964.29,10,Bangalore
ORD-00901,Headphones,3912.6,5,Lucknow
ORD-00902,SSD,885.68,17,Surat
ORD-00903,Laptop,3129.52,6,Ahmedabad
ORD-00904,Mouse,3667.66,5,Bhopal
ORD-00905,Headphones,3157.15,15,Indore
ORD-00906,Monitor,616.09,4,Bangalore
ORD-00907,Charger,791.14,13,Kolkata
ORD-00908,Headphones,1709.61,5,Hyderabad
ORD-00909,Keyboard,3294.17,8,Jaipur
ORD-00910,Speaker,3080.03,20,Chennai
ORD-00911,Charger,4718.13,1,Indore
ORD-00912,Cable,3360.34,10,Hyderabad
ORD-00913,Printer,3113.24,7,Kanpur
ORD-00914,Headphones,1618.59,2,Nagpur
ORD-00915,Router,4010.12,8,Ahmedabad
ORD-00916,Headphones,741.16,16,Lucknow
ORD-00917,Speaker,540.85,1,Kolkata
ORD-00918,Router,1719.06,13,Indore
ORD-00919,Cable,2928.22,12,Jaipur
ORD-00920,SSD,1029.29,16,Nagpur
ORD-00921,Phone,280.1,3,Mumbai
ORD-00922,Keyboard,1235.56,2,Nagpur
ORD-00923,Headphones,2631.72,17,Nagpur
ORD-00924,Headphones,2233.15,13,Delhi
ORD-00925,SSD,2775.5,20,Bangalore
ORD-00926,Keyboard,601.26,3,Jaipur
ORD-00927,Router,1175.34,5,Jaipur
ORD-00928,Mouse,2075.5,3,Chennai
ORD-00929,RAM,2299.92,8,Mumbai
ORD-00930,Monitor,613.81,14,Delhi
ORD-00931,Webcam,3139.01,2,Chennai
ORD-00932,SSD,3760.12,6,Delhi
ORD-00933,Laptop,3597.91,1,Bangalore
ORD-00934,Webcam,4774.47,17,Jaipur
ORD-00935,Charger,4148.02,9,Bangalore
ORD-00936,Mouse,809.26,9,Kanpur
ORD-00937,Router,766.66,1,Kolkata
ORD-00938,Charger,2260.75,17,Delhi
ORD-00939,Keyboard,3619.14,19,Lucknow
ORD-00940,Phone,2581.5,17,Kolkata
ORD-00941,Laptop,2598.12,19,Bangalore
ORD-00942,Mouse,955.08,4,Bhopal
ORD-00943,Speaker,3435.77,4,Hyderabad
ORD-00944,RAM,2642.35,2,Indore
ORD-00945,Cable,258.97,2,Ahmedabad
ORD-00946,Mouse,2038.29,5,Bangalore
ORD-00947,Router,4809.63,2,Jaipur
ORD-00948,Charger,4586.94,14,Hyderabad
ORD-00949,Mouse,1391.65,11,Chennai
ORD-00950,Cable,573.85,12,Delhi
ORD-00951,Printer,3431.95,2,Bangalore
ORD-00952,Monitor,4060.81,2,Pune
ORD-00953,Phone,4409.55,10,Nagpur
ORD-00954,Cable,1691.34,3,Jaipur
ORD-00955,Webcam,238.24,7,Chennai
ORD-00956,Speaker,3965.62,20,Hyderabad
ORD-00957,Webcam,1967.7,16,Nagpur
ORD-00958,Charger,1138.02,18,Nagpur
ORD-00959,Charger,1376.6,1,Bhopal
ORD-00960,Headphones,314.76,18,Kolkata
ORD-00961,SSD,4229.95,1,Kolkata
ORD-00962,Laptop,3842.85,13,Indore
ORD-00963,RAM,3690.62,4,Hyderabad
ORD-00964,Printer,4918.95,14,Ahmedabad
ORD-00965,Laptop,4868.27,5,Kanpur
ORD-00966,Keyboard,646.52,8,Bhopal
ORD-00967,Cable,2694.83,12,Ahmedabad
ORD-00968,RAM,607.52,4,Jaipur
ORD-00969,Tablet,3258.63,13,Delhi
ORD-00970,Speaker,2925.53,14,Lucknow
ORD-00971,Tablet,1336.49,9,Indore
ORD-00972,Mouse,4644.99,13,Kanpur
ORD-00973,Cable,3729.68,11,Ahmedabad
ORD-00974,Keyboard,1321.32,7,Bangalore
ORD-00975,Charger,3896.69,4,Bangalore
ORD-00976,Phone,988.99,15,Kolkata
ORD-00977,Headphones,779.53,12,Nagpur
ORD-00978,Monitor,2369.19,15,Chennai
ORD-00979,Cable,775.58,6,Nagpur
ORD-00980,SSD,1660.22,20,Mumbai
ORD-00981,Monitor,4212.43,11,Bangalore
ORD-00982,Phone,3613.55,12,Pune
ORD-00983,Printer,434.95,10,Chennai
ORD-00984,Cable,4955.24,1,Pune
ORD-00985,Cable,2370.56,18,Hyderabad
ORD-00986,Phone,2417.8,5,Delhi
ORD-00987,Laptop,496.0,8,Bangalore
ORD-00988,Monitor,4153.62,12,Lucknow
ORD-00989,SSD,4700.35,3,Surat
ORD-00990,Speaker,1442.33,3,Mumbai
ORD-00991,Phone,1149.19,15,Nagpur
ORD-00992,Tablet,641.49,11,Delhi
ORD-00993,Laptop,4722.94,2,Bangalore
ORD-00994,Router,2954.63,13,Ahmedabad
ORD-00995,Laptop,2037.09,14,Bangalore
ORD-00996,Mouse,1230.63,6,Chennai
ORD-00997,Keyboard,2340.84,5,Mumbai
ORD-00998,Speaker,3172.04,8,Lucknow
ORD-00999,Keyboard,2594.67,18,Ahmedabad
ORD-01000,Laptop,621.05,13,Bangalore
ORD-01001,Headphones,1157.39,17,Hyderabad
ORD-01002,SSD,4971.61,18,Nagpur
ORD-01003,Laptop,4949.13,12,Ahmedabad
ORD-01004,Printer,3950.88,12,Bhopal
ORD-01005,Speaker,2611.48,13,Chennai
ORD-01006,Tablet,325.09,20,Hyderabad
ORD-01007,Laptop,4499.66,9,Mumbai
ORD-01008,Charger,4959.34,17,Kolkata
ORD-01009,Charger,3003.14,8,Bangalore
ORD-01010,Phone,1389.7,8,Chennai
ORD-01011,Printer,4118.16,2,Nagpur
ORD-01012,Monitor,2963.31,13,Kolkata
ORD-01013,Router,4228.26,6,Bangalore
ORD-01014,Monitor,3044.08,12,Bhopal
ORD-01015,Speaker,335.38,12,Surat
ORD-01016,Speaker,882.08,7,Indore
ORD-01017,Charger,4431.8,16,Jaipur
ORD-01018,Keyboard,1042.66,2,Delhi
ORD-01019,Laptop,1316.58,8,Mumbai
ORD-01020,Printer,2494.34,11,Bhopal
ORD-01021,Speaker,1167.02,5,Kolkata
ORD-01022,RAM,1051.8,11,Mumbai
ORD-01023,Laptop,909.01,5,Nagpur
ORD-01024,Phone,4263.1,12,Delhi
ORD-01025,Mouse,3581.77,13,Surat
ORD-01026,Phone,1815.48,11,Bangalore
ORD-01027,Tablet,3715.28,14,Nagpur
ORD-01028,SSD,4811.17,11,Bangalore
ORD-01029,RAM,4849.96,20,Nagpur
ORD-01030,Mouse,1271.53,19,Indore
ORD-01031,Tablet,2016.23,10,Bangalore
ORD-01032,Tablet,3698.38,19,Pune
ORD-01033,Cable,4972.55,19,Mumbai
ORD-01034,Tablet,3091.46,20,Hyderabad
ORD-01035,SSD,2914.63,16,Bangalore
ORD-01036,Mouse,3777.64,8,Kolkata
ORD-01037,Mouse,1005.85,3,Indore
ORD-01038,RAM,3416.11,11,Ahmedabad
ORD-01039,Laptop,1473.01,8,Kanpur
ORD-01040,Phone,1882.3,4,Kanpur
ORD-01041,Laptop,431.1,15,Kanpur
ORD-01042,Headphones,4851.68,14,Ahmedabad
ORD-01043,Router,2017.81,18,Pune
ORD-01044,Phone,4178.26,19,Lucknow
ORD-01045,Charger,3498.36,6,Ahmedabad
ORD-01046,Phone,4036.12,2,Chennai
ORD-01047,Laptop,1729.83,4,Delhi
ORD-01048,Mouse,1016.49,13,Bangalore
ORD-01049,RAM,560.0,3,Kolkata
ORD-01050,Speaker,4929.32,16,Kanpur
ORD-01051,Laptop,2270.34,6,Surat
ORD-01052,Router,2284.15,2,Delhi
ORD-01053,Mouse,1186.63,7,Pune
ORD-01054,RAM,2859.73,18,Chennai
ORD-01055,SSD,1551.3,8,Delhi
ORD-01056,Laptop,2085.92,18,Indore
ORD-01057,Webcam,937.22,12,Mumbai
ORD-01058,Headphones,620.61,20,Ahmedabad
ORD-01059,Monitor,665.53,7,Bangalore
ORD-01060,SSD,1600.69,3,Ahmedabad
ORD-01061,Cable,754.43,13,Ahmedabad
ORD-01062,Webcam,4495.4,9,Delhi
ORD-01063,SSD,2811.79,6,Kolkata
ORD-01064,Router,2030.93,6,Ahmedabad
ORD-01065,Laptop,1463.81,15,Chennai
ORD-01066,Monitor,4217.97,19,Mumbai
ORD-01067,Tablet,3810.72,4,Delhi
ORD-01068,SSD,1850.19,18,Pune
ORD-01069,Charger,3030.68,18,Mumbai
ORD-01070,Cable,2058.1,17,Pune
ORD-01071,Printer,3497.92,16,Surat
ORD-01072,Router,1331.07,10,Delhi
ORD-01073,Headphones,4533.32,2,Jaipur
ORD-01074,Speaker,4522.17,19,Lucknow
ORD-01075,Speaker,907.74,15,Bangalore
ORD-01076,Tablet,4866.38,7,Bangalore
ORD-01077,Laptop,2232.19,14,Hyderabad
ORD-01078,Cable,3210.68,20,Chennai
ORD-01079,Mouse,4571.85,3,Delhi
ORD-01080,Headphones,2870.54,18,Kolkata
ORD-01081,Cable,1525.75,15,Bhopal
ORD-01082,Cable,259.34,20,Surat
ORD-01083,Printer,3952.08,4,Pune
ORD-01084,Tablet,911.35,19,Surat
ORD-01085,Charger,4831.18,4,Bhopal
ORD-01086,Phone,2900.87,4,Nagpur
ORD-01087,Keyboard,4363.87,12,Bhopal
ORD-01088,Headphones,1467.85,16,Surat
ORD-01089,Speaker,2470.61,6,Chennai
ORD-01090,Headphones,890.48,20,Lucknow
ORD-01091,RAM,2128.25,13,Bhopal
ORD-01092,Router,1791.16,8,Mumbai
ORD-01093,RAM,2481.04,9,Bhopal
ORD-01094,Mouse,297.11,10,Chennai
ORD-01095,Keyboard,4245.65,4,Indore
ORD-01096,Monitor,845.04,15,Nagpur
ORD-01097,Cable,1740.16,14,Surat
ORD-01098,SSD,628.57,15,Hyderabad
ORD-01099,Router,4155.04,16,Nagpur
ORD-01100,Printer,4362.5,2,Jaipur
ORD-01101,Charger,963.06,10,Kanpur
ORD-01102,Printer,2136.24,17,Bhopal
ORD-01103,Speaker,338.94,7,Bhopal
ORD-01104,Cable,1163.48,2,Hyderabad
ORD-01105,Laptop,2390.94,12,Kanpur
ORD-01106,Monitor,1515.08,15,Jaipur
ORD-01107,Headphones,3249.96,4,Lucknow
ORD-01108,Laptop,1361.29,16,Surat
ORD-01109,Webcam,1052.39,16,Surat
ORD-01110,Printer,1878.84,6,Indore
ORD-01111,Router,1441.56,3,Chennai
ORD-01112,Laptop,2055.51,6,Indore
ORD-01113,Speaker,3943.17,7,Indore
ORD-01114,Monitor,3307.41,7,Chennai
ORD-01115,SSD,2165.62,1,Indore
ORD-01116,Charger,4842.25,1,Ahmedabad
ORD-01117,Router,835.1,6,Surat
ORD-01118,Charger,240.62,9,Surat
ORD-01119,Charger,4726.41,9,Pune
ORD-01120,Router,2007.07,12,Ahmedabad
ORD-01121,Keyboard,1247.39,10,Lucknow
ORD-01122,Printer,4156.68,13,Surat
ORD-01123,Phone,235.26,12,Jaipur
ORD-01124,SSD,3050.1,10,Chennai
ORD-01125,SSD,718.89,3,Kolkata
ORD-01126,Keyboard,3274.84,9,Chennai
ORD-01127,SSD,3613.24,10,Hyderabad
ORD-01128,Tablet,2683.0,8,Bhopal
ORD-01129,Laptop,4066.05,20,Pune
ORD-01130,SSD,1734.0,5,Kanpur
ORD-01131,Laptop,3345.91,10,Chennai
ORD-01132,Router,2209.11,13,Kanpur
ORD-01133,Laptop,2998.5,19,Indore
ORD-01134,Monitor,1847.19,8,Lucknow
ORD-01135,Printer,3263.9,16,Bhopal
ORD-01136,SSD,1920.78,10,Indore
ORD-01137,Tablet,4235.06,18,Bangalore
ORD-01138,Keyboard,668.48,5,Kanpur
ORD-01139,Keyboard,3680.89,18,Nagpur
ORD-01140,Router,1078.72,11,Lucknow
ORD-01141,Phone,1266.81,8,Kanpur
ORD-01142,Cable,1674.0,11,Kolkata
ORD-01143,Keyboard,3010.73,15,Indore
ORD-01144,Phone,2458.57,19,Surat
ORD-01145,Speaker,541.83,7,Jaipur
ORD-01146,Phone,4363.98,13,Jaipur
ORD-01147,Keyboard,2182.9,5,Bangalore
ORD-01148,Monitor,1844.81,19,Bhopal
ORD-01149,Router,4935.91,5,Kolkata
ORD-01150,Cable,3635.2,3,Ahmedabad
ORD-01151,Mouse,3228.95,6,Kolkata
ORD-01152,SSD,478.46,15,Chennai
ORD-01153,Monitor,3853.72,6,Surat
ORD-01154,Charger,960.48,3,Bangalore
ORD-01155,Speaker,2281.8,14,Pune
ORD-01156,Headphones,4833.56,13,Mumbai
ORD-01157,Laptop,2762.15,12,Mumbai
ORD-01158,Router,1746.61,17,Hyderabad
ORD-01159,Laptop,3448.38,8,Hyderabad
ORD-01160,RAM,4409.52,10,Bangalore
ORD-01161,Phone,2041.03,19,Chennai
ORD-01162,Tablet,513.37,2,Chennai
ORD-01163,Keyboard,2388.44,17,Surat
ORD-01164,Printer,1821.6,5,Kolkata
ORD-01165,Router,2552.85,7,Bangalore
ORD-01166,Router,4607.38,13,Mumbai
ORD-01167,Monitor,1276.73,5,Hyderabad
ORD-01168,RAM,305.17,17,Bangalore
ORD-01169,Phone,1959.63,2,Pune
ORD-01170,Router,3273.53,18,Surat
ORD-01171,Laptop,3050.83,2,Lucknow
ORD-01172,Phone,3337.11,1,Mumbai
ORD-01173,RAM,755.78,15,Pune
ORD-01174,Phone,2826.95,16,Kanpur
ORD-01175,Tablet,1186.37,1,Chennai
ORD-01176,Headphones,3375.98,17,Chennai
ORD-01177,Speaker,3107.03,5,Pune
ORD-01178,Cable,4513.38,17,Kanpur
ORD-01179,Speaker,765.12,4,Nagpur
ORD-01180,Phone,2589.14,20,Hyderabad
ORD-01181,Charger,1462.36,17,Hyderabad
ORD-01182,Mouse,3576.49,10,Bangalore
ORD-01183,Laptop,2831.06,7,Kanpur
ORD-01184,Router,2507.18,8,Mumbai
ORD-01185,Laptop,3423.83,4,Indore
ORD-01186,Speaker,3411.3,5,Delhi
ORD-01187,Charger,2656.18,4,Bhopal
ORD-01188,Keyboard,3292.81,15,Chennai
ORD-01189,Keyboard,2428.52,4,Indore
ORD-01190,Tablet,4395.86,10,Kolkata
ORD-01191,Charger,3448.47,14,Kanpur
ORD-01192,Phone,655.98,2,Mumbai
ORD-01193,Cable,864.28,6,Kolkata
ORD-01194,Mouse,4493.72,20,Chennai
ORD-01195,Router,3718.72,12,Indore
ORD-01196,Mouse,1077.76,13,Pune
ORD-01197,Webcam,1504.79,13,Kanpur
ORD-01198,Cable,2495.57,14,Lucknow
ORD-01199,Router,4025.16,4,Bangalore
ORD-01200,RAM,3686.76,6,Delhi
ORD-01201,Headphones,4573.88,16,Nagpur
ORD-01202,Speaker,3456.28,6,Surat
ORD-01203,Headphones,3939.98,20,Mumbai
ORD-01204,Cable,3485.42,5,Ahmedabad
ORD-01205,Router,2542.98,14,Ahmedabad
ORD-01206,Laptop,504.0,11,Mumbai
ORD-01207,RAM,4367.98,17,Nagpur
ORD-01208,RAM,2967.91,19,Hyderabad
ORD-01209,SSD,4391.08,17,Jaipur
ORD-01210,RAM,3562.77,4,Pune
ORD-01211,SSD,3687.92,16,Kolkata
ORD-01212,SSD,3446.21,13,Bangalore
ORD-01213,Cable,4166.89,20,Mumbai
ORD-01214,Laptop,3288.3,6,Jaipur
ORD-01215,Cable,2452.58,16,Indore
ORD-01216,Tablet,559.34,16,Kolkata
ORD-01217,Monitor,1788.29,9,Mumbai
ORD-01218,Printer,1268.98,13,Pune
ORD-01219,Cable,1327.99,15,Ahmedabad
ORD-01220,Charger,2950.56,3,Indore
ORD-01221,Webcam,2345.92,4,Ahmedabad
ORD-01222,RAM,3336.18,4,Pune
ORD-01223,Headphones,371.98,18,Mumbai
ORD-01224,Cable,636.29,20,Surat
ORD-01225,SSD,1662.06,17,Jaipur
ORD-01226,Monitor,3342.05,15,Kolkata
ORD-01227,Mouse,4161.48,8,Indore
ORD-01228,Webcam,1793.46,20,Surat
ORD-01229,Webcam,3639.95,12,Kanpur
ORD-01230,Webcam,747.3,8,Mumbai
ORD-01231,Mouse,1904.66,10,Jaipur
ORD-01232,Printer,1994.66,4,Mumbai
ORD-01233,Router,987.94,5,Indore
ORD-01234,RAM,3764.04,14,Delhi
ORD-01235,Keyboard,3132.08,7,Delhi
ORD-01236,Router,4290.52,7,Ahmedabad
ORD-01237,Cable,3950.81,11,Delhi
ORD-01238,Charger,2189.45,19,Delhi
ORD-01239,Charger,4480.41,15,Lucknow
ORD-01240,Speaker,4789.7,5,Ahmedabad
ORD-01241,Laptop,2745.74,2,Jaipur
ORD-01242,Router,2277.48,19,Ahmedabad
ORD-01243,Router,2639.99,6,Kanpur
ORD-01244,Speaker,1033.51,5,Delhi
ORD-01245,Headphones,3356.09,20,Bhopal
ORD-01246,Mouse,2619.72,13,Pune
ORD-01247,Speaker,4596.36,8,Chennai
ORD-01248,Headphones,4825.24,10,Ahmedabad
ORD-01249,Charger,840.17,14,Surat
ORD-01250,RAM,4454.89,17,Chennai
ORD-01251,Cable,3567.16,11,Kanpur
ORD-01252,RAM,4690.45,7,Hyderabad
ORD-01253,Monitor,3195.99,10,Lucknow
ORD-01254,Mouse,4621.71,5,Kanpur
ORD-01255,SSD,4880.85,6,Jaipur
ORD-01256,Printer,3532.69,11,Kanpur
ORD-01257,Phone,3851.71,18,Ahmedabad
ORD-01258,Speaker,2939.05,14,Lucknow
ORD-01259,RAM,4490.55,18,Chennai
ORD-01260,Router,4267.04,1,Jaipur
ORD-01261,Phone,321.3,5,Mumbai
ORD-01262,SSD,471.69,9,Nagpur
ORD-01263,Charger,972.48,10,Lucknow
ORD-01264,Keyboard,902.85,2,Kanpur
ORD-01265,Charger,1616.66,18,Mumbai
ORD-01266,Mouse,4107.32,4,Surat
ORD-01267,Cable,3442.51,18,Indore
ORD-01268,Monitor,3763.57,18,Pune
ORD-01269,Monitor,2652.42,10,Kanpur
ORD-01270,SSD,425.49,13,Pune
ORD-01271,Headphones,4792.16,11,Jaipur
ORD-01272,Laptop,262.22,9,Hyderabad
ORD-01273,Speaker,4370.47,15,Indore
ORD-01274,Monitor,4575.12,12,Nagpur
ORD-01275,Speaker,2823.74,20,Hyderabad
ORD-01276,Charger,3679.58,7,Chennai
ORD-01277,Webcam,1051.63,3,Bangalore
ORD-01278,Tablet,3728.37,4,Pune
ORD-01279,Laptop,2256.83,18,Chennai
ORD-01280,Tablet,972.45,9,Mumbai
ORD-01281,Mouse,2438.38,5,Mumbai
ORD-01282,Tablet,4657.41,20,Mumbai
ORD-01283,Charger,4675.42,20,Indore
ORD-01284,SSD,1645.53,19,Jaipur
ORD-01285,Mouse,549.82,11,Jaipur
ORD-01286,Monitor,4793.53,17,Delhi
ORD-01287,Charger,2624.66,14,Jaipur
ORD-01288,Printer,2136.39,12,Hyderabad
ORD-01289,Router,1224.09,11,Kolkata
ORD-01290,Mouse,1609.15,20,Jaipur
ORD-01291,Webcam,4983.82,1,Delhi
ORD-01292,SSD,1860.82,8,Bhopal
ORD-01293,SSD,3145.76,20,Hyderabad
ORD-01294,Laptop,3476.24,11,Pune
ORD-01295,Router,4021.78,4,Pune
ORD-01296,Keyboard,2793.13,10,Mumbai
ORD-01297,Router,2680.96,12,Jaipur
ORD-01298,Charger,2641.92,16,Mumbai
ORD-01299,Keyboard,4511.74,7,Kolkata
ORD-01300,Printer,595.25,4,Bangalore
ORD-01301,Charger,2782.27,1,Lucknow
ORD-01302,Phone,1211.74,7,Indore
ORD-01303,SSD,2236.2,4,Hyderabad
ORD-01304,Printer,4177.98,14,Lucknow
ORD-01305,Cable,4710.8,5,Mumbai
ORD-01306,Webcam,3640.96,2,Delhi
ORD-01307,Phone,460.48,9,Jaipur
ORD-01308,Phone,2959.81,8,Bhopal
ORD-01309,Keyboard,2156.63,15,Lucknow
ORD-01310,Headphones,2278.51,1,Pune
ORD-01311,SSD,767.86,1,Lucknow
ORD-01312,RAM,3168.07,19,Mumbai
ORD-01313,RAM,4271.6,12,Bhopal
ORD-01314,Printer,709.44,10,Surat
ORD-01315,Phone,1551.27,15,Pune
ORD-01316,Headphones,4146.18,1,Ahmedabad
ORD-01317,Tablet,2760.64,5,Kanpur
ORD-01318,Headphones,4024.49,18,Chennai
ORD-01319,SSD,891.55,12,Mumbai
ORD-01320,Printer,4398.87,5,Delhi
ORD-01321,Laptop,224.13,20,Pune
ORD-01322,Printer,2828.11,3,Chennai
ORD-01323,Monitor,3791.81,12,Hyderabad
ORD-01324,Headphones,4547.0,17,Bangalore
ORD-01325,Tablet,1083.16,20,Indore
ORD-01326,Keyboard,1132.76,6,Lucknow
ORD-01327,Charger,2922.99,2,Indore
ORD-01328,Charger,4675.37,18,Ahmedabad
ORD-01329,SSD,2838.38,10,Lucknow
ORD-01330,Phone,1403.29,7,Kanpur
ORD-01331,Speaker,2538.5,11,Kolkata
ORD-01332,Tablet,3422.21,8,Delhi
ORD-01333,Keyboard,3173.67,7,Kolkata
ORD-01334,Webcam,2363.09,20,Lucknow
ORD-01335,Keyboard,3528.59,5,Surat
ORD-01336,Speaker,1949.56,11,Pune
ORD-01337,Tablet,223.18,8,Nagpur
ORD-01338,Monitor,3618.55,14,Chennai
ORD-01339,Cable,1925.52,11,Bhopal
ORD-01340,Webcam,2421.66,12,Nagpur
ORD-01341,Keyboard,2537.45,4,Bangalore
ORD-01342,SSD,3111.8,9,Indore
ORD-01343,Cable,872.0,18,Hyderabad
ORD-01344,Keyboard,3721.0,3,Kanpur
ORD-01345,Phone,4482.09,17,Lucknow
ORD-01346,Laptop,4100.67,19,Pune
ORD-01347,Charger,3032.16,2,Jaipur
ORD-01348,Keyboard,2808.64,18,Ahmedabad
ORD-01349,SSD,3920.94,12,Pune
ORD-01350,Monitor,4478.89,19,Kanpur
ORD-01351,Cable,1596.79,15,Jaipur
ORD-01352,Printer,634.65,12,Jaipur
ORD-01353,Laptop,3380.85,20,Lucknow
ORD-01354,Tablet,3834.58,5,Ahmedabad
ORD-01355,Tablet,1059.89,19,Lucknow
ORD-01356,Cable,4845.12,16,Kolkata
ORD-01357,Laptop,1250.32,16,Hyderabad
ORD-01358,Phone,1468.9,8,Mumbai
ORD-01359,SSD,1192.51,12,Pune
ORD-01360,Webcam,4605.92,2,Mumbai
ORD-01361,SSD,1755.53,17,Lucknow
ORD-01362,Cable,1512.77,9,Surat
ORD-01363,Printer,2936.76,13,Lucknow
ORD-01364,Headphones,1953.41,3,Jaipur
ORD-01365,Keyboard,2006.37,8,Jaipur
ORD-01366,Headphones,1893.9,12,Ahmedabad
ORD-01367,Charger,2514.12,20,Mumbai
ORD-01368,Printer,4433.75,15,Bangalore
ORD-01369,Monitor,570.01,9,Hyderabad
ORD-01370,Tablet,1097.14,12,Surat
ORD-01371,RAM,4121.37,8,Pune
ORD-01372,Charger,1785.07,4,Ahmedabad
ORD-01373,SSD,2498.3,7,Surat
ORD-01374,Tablet,3306.83,14,Mumbai
ORD-01375,Monitor,407.08,19,Surat
ORD-01376,Tablet,846.67,17,Mumbai
ORD-01377,Router,2946.88,2,Bangalore
ORD-01378,Keyboard,4627.73,17,Pune
ORD-01379,Speaker,4852.36,1,Bhopal
ORD-01380,RAM,3694.27,10,Delhi
ORD-01381,Monitor,2356.17,16,Indore
ORD-01382,Webcam,1018.71,14,Surat
ORD-01383,Tablet,4014.15,6,Surat
ORD-01384,SSD,2651.85,6,Kanpur
ORD-01385,SSD,1844.81,15,Surat
ORD-01386,Speaker,530.44,13,Pune
ORD-01387,Tablet,721.13,7,Jaipur
ORD-01388,Cable,4564.82,14,Indore
ORD-01389,Tablet,3106.44,6,Ahmedabad
ORD-01390,Router,3150.78,2,Bhopal
ORD-01391,Charger,2750.85,4,Delhi
ORD-01392,Webcam,3365.07,20,Jaipur
ORD-01393,Cable,205.75,14,Jaipur
ORD-01394,Headphones,1977.8,2,Kanpur
ORD-01395,Printer,2258.98,16,Nagpur
ORD-01396,Charger,2029.93,19,Nagpur
ORD-01397,RAM,4557.71,19,Delhi
ORD-01398,Headphones,842.63,16,Nagpur
ORD-01399,Monitor,4568.4,3,Chennai
ORD-01400,Speaker,4408.47,14,Chennai
ORD-01401,Monitor,226.24,1,Surat
ORD-01402,Printer,765.57,1,Pune
ORD-01403,SSD,1186.0,11,Pune
ORD-01404,Mouse,711.59,14,Lucknow
ORD-01405,Speaker,1417.43,18,Pune
ORD-01406,Speaker,1955.08,9,Lucknow
ORD-01407,Headphones,3823.86,14,Jaipur
ORD-01408,Charger,2876.29,6,Kolkata
ORD-01409,Printer,2863.56,9,Chennai
ORD-01410,Speaker,1852.9,13,Kanpur
ORD-01411,Tablet,4303.98,4,Kanpur
ORD-01412,Monitor,2343.65,6,Delhi
ORD-01413,Monitor,2640.04,11,Nagpur
ORD-01414,Printer,3147.31,2,Bangalore
ORD-01415,Headphones,4829.93,1,Nagpur
ORD-01416,Phone,4151.62,16,Bhopal
ORD-01417,Speaker,2289.8,3,Chennai
ORD-01418,Monitor,1980.0,20,Mumbai
ORD-01419,RAM,2044.75,13,Surat
ORD-01420,SSD,2700.82,20,Mumbai
ORD-01421,Charger,4137.09,16,Ahmedabad
ORD-01422,Laptop,1168.18,17,Chennai
ORD-01423,Monitor,361.31,20,Jaipur
ORD-01424,Printer,3552.55,20,Bangalore
ORD-01425,SSD,373.08,8,Lucknow
ORD-01426,Laptop,4883.09,3,Chennai
ORD-01427,Charger,2117.27,13,Pune
ORD-01428,Speaker,1161.48,1,Kanpur
ORD-01429,RAM,529.35,3,Jaipur
ORD-01430,Keyboard,3685.46,18,Bhopal
ORD-01431,Speaker,1870.85,9,Hyderabad
ORD-01432,Speaker,4822.66,15,Bhopal
ORD-01433,Headphones,2959.54,9,Bangalore
ORD-01434,Headphones,2629.93,18,Delhi
ORD-01435,Printer,1612.4,4,Nagpur
ORD-01436,Printer,4792.19,18,Indore
ORD-01437,Charger,2959.48,15,Pune
ORD-01438,Speaker,2521.41,8,Nagpur
ORD-01439,Mouse,4813.94,15,Lucknow
ORD-01440,Webcam,4503.3,1,Ahmedabad
ORD-01441,Phone,1437.52,13,Lucknow
ORD-01442,Charger,4972.14,8,Nagpur
ORD-01443,Mouse,2179.63,12,Jaipur
ORD-01444,Printer,246.66,9,Hyderabad
ORD-01445,Keyboard,646.44,11,Delhi
ORD-01446,Printer,4670.69,16,Kolkata
ORD-01447,Mouse,1249.11,19,Chennai
ORD-01448,Tablet,4746.16,7,Ahmedabad
ORD-01449,RAM,1158.39,8,Indore
ORD-01450,Keyboard,1192.53,7,Indore
ORD-01451,Monitor,4214.4,12,Bangalore
ORD-01452,Charger,712.1,3,Lucknow
ORD-01453,SSD,2564.78,1,Nagpur
ORD-01454,Cable,2799.06,2,Indore
ORD-01455,Webcam,1981.73,11,Ahmedabad
ORD-01456,Router,4929.72,19,Indore
ORD-01457,Keyboard,2555.86,17,Chennai
ORD-01458,Headphones,1266.04,19,Bangalore
ORD-01459,Laptop,2723.52,14,Ahmedabad
ORD-01460,Printer,356.29,12,Pune
ORD-01461,Cable,3494.42,6,Ahmedabad
ORD-01462,Phone,3551.56,15,Kolkata
ORD-01463,RAM,240.4,7,Pune
ORD-01464,Speaker,683.58,12,Surat
ORD-01465,Cable,1446.55,18,Chennai
ORD-01466,Monitor,1493.15,20,Kolkata
ORD-01467,Mouse,1082.78,14,Hyderabad
ORD-01468,Headphones,3563.41,12,Kolkata
ORD-01469,Cable,2122.83,15,Bangalore
ORD-01470,Speaker,829.46,19,Lucknow
ORD-01471,Monitor,4108.11,9,Nagpur
ORD-01472,Monitor,2865.62,13,Hyderabad
ORD-01473,Tablet,4040.17,5,Ahmedabad
ORD-01474,Charger,246.75,14,Ahmedabad
ORD-01475,Tablet,4978.69,17,Jaipur
ORD-01476,RAM,1715.48,16,Chennai
ORD-01477,Keyboard,2898.25,19,Mumbai
ORD-01478,Headphones,675.07,6,Mumbai
ORD-01479,Monitor,4106.32,16,Indore
ORD-01480,SSD,662.24,11,Chennai
ORD-01481,Mouse,1929.46,18,Bhopal
ORD-01482,Charger,1437.02,1,Pune
ORD-01483,Phone,1885.22,20,Hyderabad
ORD-01484,Speaker,2964.28,18,Bangalore
ORD-01485,Charger,1566.11,11,Lucknow
ORD-01486,Printer,2539.96,15,Bhopal
ORD-01487,Phone,2029.13,10,Ahmedabad
ORD-01488,SSD,4791.64,6,Lucknow
ORD-01489,Charger,4657.11,14,Lucknow
ORD-01490,Speaker,2943.85,3,Delhi
ORD-01491,Tablet,1849.39,11,Kolkata
ORD-01492,SSD,1598.5,9,Surat
ORD-01493,SSD,2098.18,15,Nagpur
ORD-01494,Cable,4706.09,19,Jaipur
ORD-01495,Webcam,2187.14,6,Indore
ORD-01496,Laptop,800.18,8,Lucknow
ORD-01497,Keyboard,4714.09,3,Hyderabad
ORD-01498,Tablet,2105.81,4,Delhi
ORD-01499,Router,4417.71,18,Mumbai
ORD-01500,Laptop,3900.47,17,Nagpur
ORD-01501,Phone,698.85,20,Bangalore
ORD-01502,Phone,3343.19,13,Chennai
ORD-01503,Monitor,1387.49,10,Ahmedabad
ORD-01504,SSD,806.77,17,Indore
ORD-01505,Tablet,337.13,12,Indore
ORD-01506,Router,1760.96,16,Ahmedabad
ORD-01507,Cable,2794.79,9,Jaipur
ORD-01508,Webcam,848.54,18,Bangalore
ORD-01509,Speaker,3068.39,19,Pune
ORD-01510,Printer,3270.97,18,Chennai
ORD-01511,Router,1866.4,18,Hyderabad
ORD-01512,Charger,629.85,10,Kolkata
ORD-01513,Headphones,1447.06,10,Mumbai
ORD-01514,Laptop,2711.91,5,Kolkata
ORD-01515,Keyboard,2452.14,1,Kanpur
ORD-01516,Router,2561.26,16,Chennai
ORD-01517,Laptop,3876.16,10,Surat
ORD-01518,Monitor,4024.47,18,Kolkata
ORD-01519,Monitor,2176.32,18,Pune
ORD-01520,Headphones,1399.49,13,Indore
ORD-01521,Headphones,1258.83,3,Pune
ORD-01522,SSD,1349.89,20,Nagpur
ORD-01523,RAM,3486.26,10,Lucknow
ORD-01524,RAM,2753.32,9,Pune
ORD-01525,Monitor,4296.7,6,Bangalore
ORD-01526,Keyboard,729.7,15,Surat
ORD-01527,Webcam,1506.23,20,Ahmedabad
ORD-01528,Monitor,1739.08,5,Mumbai
ORD-01529,Printer,306.22,4,Chennai
ORD-01530,Keyboard,800.18,15,Kanpur
ORD-01531,Laptop,1317.48,5,Mumbai
ORD-01532,Webcam,1242.49,14,Chennai
ORD-01533,Charger,4037.41,12,Ahmedabad
ORD-01534,RAM,3998.83,11,Delhi
ORD-01535,Cable,3802.72,5,Mumbai
ORD-01536,Keyboard,3923.12,3,Jaipur
ORD-01537,Webcam,1071.69,9,Indore
ORD-01538,Headphones,4175.6,4,Nagpur
ORD-01539,RAM,1395.01,15,Hyderabad
ORD-01540,RAM,4973.76,7,Ahmedabad
ORD-01541,RAM,3900.77,17,Lucknow
ORD-01542,Monitor,2469.55,10,Bhopal
ORD-01543,Mouse,961.32,2,Kanpur
ORD-01544,Router,2837.97,4,Chennai
ORD-01545,Webcam,3264.89,7,Kolkata
ORD-01546,Router,450.01,7,Delhi
ORD-01547,Monitor,3237.95,11,Mumbai
ORD-01548,Tablet,4013.06,19,Delhi
ORD-01549,Headphones,3987.88,1,Mumbai
ORD-01550,Speaker,3960.67,16,Kanpur
ORD-01551,Speaker,943.95,3,Hyderabad
ORD-01552,Tablet,2599.6,20,Kolkata
ORD-01553,Router,4854.32,2,Mumbai
ORD-01554,Mouse,3293.95,18,Nagpur
ORD-01555,Phone,803.96,8,Kolkata
ORD-01556,Printer,3985.09,12,Nagpur
ORD-01557,Router,2305.84,7,Mumbai
ORD-01558,RAM,2013.28,5,Chennai
ORD-01559,Router,389.54,15,Jaipur
ORD-01560,Keyboard,2805.11,16,Hyderabad
ORD-01561,Speaker,1095.8,12,Kolkata
ORD-01562,RAM,2448.28,20,Bhopal
ORD-01563,Cable,2861.69,3,Jaipur
ORD-01564,Tablet,2357.03,9,Jaipur
ORD-01565,Mouse,2379.57,17,Pune
ORD-01566,RAM,1090.55,1,Surat
ORD-01567,Cable,1947.55,20,Hyderabad
ORD-01568,Mouse,3660.81,18,Indore
ORD-01569,Headphones,1111.36,16,Nagpur
ORD-01570,Printer,939.82,10,Kolkata
ORD-01571,Headphones,3276.33,4,Delhi
ORD-01572,Printer,3362.67,2,Indore
ORD-01573,Tablet,1057.46,2,Hyderabad
ORD-01574,Phone,2529.77,4,Mumbai
ORD-01575,Speaker,3280.4,13,Lucknow
ORD-01576,Webcam,2723.93,19,Chennai
ORD-01577,Laptop,1958.49,20,Kanpur
ORD-01578,Phone,262.8,7,Lucknow
ORD-01579,Webcam,4656.33,3,Ahmedabad
ORD-01580,Charger,3266.79,12,Jaipur
ORD-01581,RAM,4703.56,14,Indore
ORD-01582,Mouse,4012.39,2,Indore
ORD-01583,Speaker,1475.91,2,Kanpur
ORD-01584,Phone,4205.38,3,Hyderabad
ORD-01585,Printer,666.16,8,Jaipur
ORD-01586,Headphones,1109.4,17,Lucknow
ORD-01587,Monitor,2936.12,6,Jaipur
ORD-01588,RAM,2879.07,4,Nagpur
ORD-01589,SSD,2967.5,15,Kanpur
ORD-01590,SSD,2249.95,4,Bangalore
ORD-01591,Charger,1065.89,13,Jaipur
ORD-01592,Mouse,3356.14,18,Surat
ORD-01593,Webcam,4680.89,11,Jaipur
ORD-01594,Mouse,4255.29,14,Nagpur
ORD-01595,SSD,2266.81,11,Surat
ORD-01596,Monitor,2903.08,7,Pune
ORD-01597,Charger,2841.14,9,Kolkata
ORD-01598,Webcam,2347.99,13,Mumbai
ORD-01599,RAM,366.37,10,Surat
ORD-01600,Laptop,2684.51,10,Mumbai
ORD-01601,Keyboard,4925.08,7,Indore
ORD-01602,Mouse,304.16,9,Bhopal
ORD-01603,Printer,2654.09,19,Bhopal
ORD-01604,Speaker,942.62,2,Ahmedabad
ORD-01605,Mouse,949.3,9,Kolkata
ORD-01606,Router,2994.34,8,Chennai
ORD-01607,Charger,1641.44,19,Pune
ORD-01608,Speaker,4605.82,3,Kanpur
ORD-01609,Mouse,4005.93,6,Ahmedabad
ORD-01610,Cable,4515.31,19,Indore
ORD-01611,Router,657.74,10,Mumbai
ORD-01612,RAM,4080.03,13,Delhi
ORD-01613,Charger,468.42,11,Kolkata
ORD-01614,Router,4122.27,14,Bhopal
ORD-01615,Cable,778.58,8,Kanpur
ORD-01616,SSD,4277.49,1,Lucknow
ORD-01617,Charger,3234.52,2,Chennai
ORD-01618,Printer,397.66,18,Surat
ORD-01619,Tablet,1768.78,8,Bangalore
ORD-01620,Laptop,3433.44,13,Ahmedabad
ORD-01621,Charger,3056.62,17,Delhi
ORD-01622,Monitor,2273.28,13,Bangalore
ORD-01623,Tablet,1813.6,16,Surat
ORD-01624,RAM,436.68,13,Chennai
ORD-01625,Phone,2112.92,14,Nagpur
ORD-01626,RAM,825.79,5,Ahmedabad
ORD-01627,Printer,1150.91,13,Lucknow
ORD-01628,Speaker,1141.27,20,Kanpur
ORD-01629,Printer,1381.97,3,Chennai
ORD-01630,Charger,2264.31,19,Delhi
ORD-01631,Phone,3424.38,14,Kolkata
ORD-01632,Mouse,1114.34,12,Surat
ORD-01633,SSD,316.18,10,Bangalore
ORD-01634,Mouse,3157.85,15,Surat
ORD-01635,Tablet,2314.21,8,Hyderabad
ORD-01636,SSD,1994.33,3,Delhi
ORD-01637,RAM,461.77,20,Bhopal
ORD-01638,Tablet,4370.0,10,Mumbai
ORD-01639,Mouse,3530.21,4,Chennai
ORD-01640,Webcam,2461.7,11,Hyderabad
ORD-01641,RAM,2782.42,7,Jaipur
ORD-01642,Printer,3801.69,18,Ahmedabad
ORD-01643,Speaker,3703.62,5,Kanpur
ORD-01644,RAM,3407.64,13,Surat
ORD-01645,Router,3384.93,2,Chennai
ORD-01646,Tablet,488.52,7,Nagpur
ORD-01647,RAM,3166.22,2,Ahmedabad
ORD-01648,SSD,4736.84,3,Pune
ORD-01649,SSD,1502.28,12,Indore
ORD-01650,Phone,291.57,13,Hyderabad
ORD-01651,Headphones,2640.98,4,Bhopal
ORD-01652,Mouse,2526.37,20,Jaipur
ORD-01653,Phone,1094.79,17,Ahmedabad
ORD-01654,Printer,4646.47,1,Mumbai
ORD-01655,Monitor,4626.89,10,Kolkata
ORD-01656,Webcam,2088.31,6,Mumbai
ORD-01657,Mouse,3484.68,12,Lucknow
ORD-01658,Keyboard,1333.77,17,Chennai
ORD-01659,Charger,497.64,9,Bhopal
ORD-01660,Headphones,4473.92,1,Jaipur
ORD-01661,Keyboard,1282.79,11,Bhopal
ORD-01662,Headphones,3353.26,3,Kanpur
ORD-01663,Headphones,2699.44,20,Indore
ORD-01664,SSD,3495.3,14,Hyderabad
ORD-01665,Speaker,933.19,10,Bhopal
ORD-01666,Speaker,1780.56,18,Bangalore
ORD-01667,Monitor,3331.86,19,Jaipur
ORD-01668,SSD,4040.49,5,Chennai
ORD-01669,RAM,3584.64,17,Bhopal
ORD-01670,Tablet,2264.3,5,Lucknow
ORD-01671,Router,2911.24,6,Kolkata
ORD-01672,Phone,2875.22,4,Bangalore
ORD-01673,Mouse,4229.7,5,Kanpur
ORD-01674,Laptop,3874.08,14,Pune
ORD-01675,Keyboard,2326.41,9,Bangalore
ORD-01676,Charger,1102.07,5,Bangalore
ORD-01677,Laptop,3859.74,20,Surat
ORD-01678,Keyboard,3106.89,20,Hyderabad
ORD-01679,Speaker,1314.47,1,Kolkata
ORD-01680,Phone,3503.07,16,Bangalore
ORD-01681,Printer,4261.45,16,Kanpur
ORD-01682,SSD,1995.0,13,Ahmedabad
ORD-01683,Webcam,860.05,7,Hyderabad
ORD-01684,Laptop,2161.22,1,Bhopal
ORD-01685,Keyboard,4760.94,8,Kanpur
ORD-01686,SSD,4943.56,7,Delhi
ORD-01687,Tablet,4650.09,15,Indore
ORD-01688,Speaker,2551.72,11,Indore
ORD-01689,Webcam,4460.41,14,Pune
ORD-01690,Charger,400.76,13,Kanpur
ORD-01691,Mouse,2091.91,19,Surat
ORD-01692,Printer,2721.1,2,Jaipur
ORD-01693,Phone,2367.72,2,Bhopal
ORD-01694,Monitor,2689.76,13,Kanpur
ORD-01695,Laptop,2876.95,17,Nagpur
ORD-01696,SSD,4820.43,7,Chennai
ORD-01697,Webcam,2110.58,10,Nagpur
ORD-01698,Cable,1572.38,6,Pune
ORD-01699,Keyboard,3143.03,2,Kanpur
ORD-01700,Printer,4537.63,15,Indore
ORD-01701,SSD,2368.14,17,Delhi
ORD-01702,Tablet,3937.9,18,Bangalore
ORD-01703,Headphones,2185.07,15,Mumbai
ORD-01704,Tablet,2377.66,7,Bhopal
ORD-01705,Webcam,632.85,11,Kanpur
ORD-01706,SSD,4554.37,6,Kanpur
ORD-01707,RAM,793.0,4,Kanpur
ORD-01708,Webcam,3243.54,3,Jaipur
ORD-01709,RAM,2043.61,17,Surat
ORD-01710,Tablet,2017.65,13,Mumbai
ORD-01711,Charger,1020.24,11,Surat
ORD-01712,Cable,3365.74,5,Bangalore
ORD-01713,Cable,894.11,2,Pune
ORD-01714,Keyboard,1685.68,15,Chennai
ORD-01715,SSD,1067.33,5,Hyderabad
ORD-01716,Laptop,3188.28,9,Mumbai
ORD-01717,Webcam,2588.6,16,Jaipur
ORD-01718,Charger,227.59,16,Hyderabad
ORD-01719,Monitor,3026.53,16,Ahmedabad
ORD-01720,Headphones,2320.99,20,Surat
ORD-01721,Laptop,1374.61,18,Chennai
ORD-01722,Speaker,3217.44,7,Mumbai
ORD-01723,Tablet,911.62,12,Mumbai
ORD-01724,Tablet,4298.37,19,Indore
ORD-01725,Speaker,1632.51,3,Mumbai
ORD-01726,Phone,2201.38,6,Bangalore
ORD-01727,SSD,1565.02,20,Surat
ORD-01728,Charger,2898.44,15,Kanpur
ORD-01729,Speaker,1928.9,2,Delhi
ORD-01730,Charger,1636.6,12,Bhopal
ORD-01731,Headphones,4137.26,14,Indore
ORD-01732,Printer,511.63,16,Bangalore
ORD-01733,Phone,3534.16,9,Kolkata
ORD-01734,Printer,2186.03,7,Kanpur
ORD-01735,Monitor,3137.85,4,Surat
ORD-01736,RAM,4900.87,17,Delhi
ORD-01737,Webcam,3675.55,20,Bhopal
ORD-01738,Charger,4934.13,10,Pune
ORD-01739,Speaker,4269.42,9,Jaipur
ORD-01740,Speaker,4976.11,12,Bhopal
ORD-01741,Tablet,3148.58,16,Jaipur
ORD-01742,RAM,3232.91,16,Nagpur
ORD-01743,Tablet,4441.58,8,Kanpur
ORD-01744,Keyboard,4900.43,1,Delhi
ORD-01745,Laptop,2431.44,4,Kanpur
ORD-01746,Cable,1195.18,20,Pune
ORD-01747,Headphones,418.35,12,Jaipur
ORD-01748,Charger,3260.01,1,Lucknow
ORD-01749,Monitor,3512.07,9,Nagpur
ORD-01750,Phone,1677.3,17,Jaipur
ORD-01751,Mouse,3881.75,4,Lucknow
ORD-01752,Mouse,1838.53,19,Surat
ORD-01753,Laptop,4193.8,7,Kolkata
ORD-01754,Cable,1822.09,16,Bhopal
ORD-01755,Webcam,4026.81,5,Ahmedabad
ORD-01756,Tablet,3210.55,18,Bhopal
ORD-01757,Mouse,2419.85,14,Bhopal
ORD-01758,RAM,468.9,17,Chennai
ORD-01759,Speaker,3679.82,11,Jaipur
ORD-01760,Printer,289.84,19,Lucknow
ORD-01761,Mouse,4037.76,12,Delhi
ORD-01762,Tablet,1546.2,1,Kolkata
ORD-01763,Headphones,3207.24,6,Surat
ORD-01764,Speaker,2069.91,20,Delhi
ORD-01765,Cable,3955.24,10,Kanpur
ORD-01766,Cable,1709.59,2,Chennai
ORD-01767,Headphones,616.62,8,Kolkata
ORD-01768,Webcam,4181.39,10,Hyderabad
ORD-01769,Printer,1651.12,4,Kolkata
ORD-01770,Charger,379.49,7,Bhopal
ORD-01771,Phone,2330.11,1,Nagpur
ORD-01772,Webcam,4543.78,5,Hyderabad
ORD-01773,Mouse,4633.45,17,Chennai
ORD-01774,Charger,1771.21,4,Indore
ORD-01775,Printer,3448.23,5,Hyderabad
ORD-01776,RAM,375.44,13,Kanpur
ORD-01777,Cable,2707.25,1,Chennai
ORD-01778,Router,411.33,20,Indore
ORD-01779,Phone,1799.78,2,Delhi
ORD-01780,Printer,3877.65,10,Mumbai
ORD-01781,Speaker,3840.76,7,Kolkata
ORD-01782,Monitor,1124.21,9,Jaipur
ORD-01783,Mouse,3909.37,4,Chennai
ORD-01784,Tablet,955.97,4,Mumbai
ORD-01785,Speaker,2886.19,4,Hyderabad
ORD-01786,Printer,1881.52,11,Chennai
ORD-01787,Tablet,4727.72,10,Surat
ORD-01788,Monitor,1022.11,10,Surat
ORD-01789,Router,1825.94,15,Mumbai
ORD-01790,Tablet,339.15,2,Delhi
ORD-01791,Headphones,458.23,14,Pune
ORD-01792,Tablet,3582.44,19,Lucknow
ORD-01793,Cable,3512.59,15,Surat
ORD-01794,Mouse,1699.71,7,Kanpur
ORD-01795,Charger,3420.17,18,Delhi
ORD-01796,Router,3827.56,15,Surat
ORD-01797,Tablet,645.99,15,Delhi
ORD-01798,Webcam,1689.87,15,Ahmedabad
ORD-01799,Monitor,4747.74,5,Indore
ORD-01800,Router,3161.31,12,Pune
ORD-01801,Tablet,3558.14,11,Nagpur
ORD-01802,Cable,4435.53,15,Ahmedabad
ORD-01803,Laptop,513.74,4,Kolkata
ORD-01804,Webcam,2413.95,6,Chennai
ORD-01805,Charger,1873.34,19,Bangalore
ORD-01806,Printer,694.06,4,Kolkata
ORD-01807,Printer,3317.36,10,Jaipur
ORD-01808,Webcam,2123.91,14,Hyderabad
ORD-01809,Speaker,1369.71,6,Ahmedabad
ORD-01810,Headphones,517.08,7,Indore
ORD-01811,RAM,3036.65,14,Surat
ORD-01812,Charger,1842.55,8,Bangalore
ORD-01813,SSD,3414.09,19,Indore
ORD-01814,Webcam,748.74,20,Ahmedabad
ORD-01815,Mouse,2864.41,15,Bangalore
ORD-01816,Keyboard,4788.23,3,Surat
ORD-01817,Phone,3490.43,20,Nagpur
ORD-01818,Cable,2018.76,16,Lucknow
ORD-01819,SSD,495.1,7,Indore
ORD-01820,Tablet,4458.85,1,Nagpur
ORD-01821,Tablet,3372.22,15,Jaipur
ORD-01822,Keyboard,2071.91,19,Ahmedabad
ORD-01823,Monitor,1187.17,11,Chennai
ORD-01824,Speaker,4012.85,10,Bhopal
ORD-01825,Router,2286.68,12,Delhi
ORD-01826,Speaker,238.96,17,Pune
ORD-01827,Cable,812.26,10,Mumbai
ORD-01828,Mouse,4525.15,2,Mumbai
ORD-01829,RAM,2888.14,12,Delhi
ORD-01830,Cable,1554.59,1,Hyderabad
ORD-01831,Headphones,3570.66,13,Lucknow
ORD-01832,Mouse,3616.5,13,Pune
ORD-01833,Headphones,2816.56,6,Ahmedabad
ORD-01834,Tablet,1103.48,13,Indore
ORD-01835,Router,1929.37,14,Bangalore
ORD-01836,Keyboard,4987.78,5,Bangalore
ORD-01837,Laptop,544.37,1,Bangalore
ORD-01838,RAM,4447.46,14,Bangalore
ORD-01839,Phone,858.65,14,Indore
ORD-01840,Webcam,4489.19,20,Bhopal
ORD-01841,Headphones,3191.58,15,Jaipur
ORD-01842,Headphones,2849.83,15,Pune
ORD-01843,Mouse,1283.55,14,Surat
ORD-01844,Laptop,2974.09,8,Kanpur
ORD-01845,Printer,1492.39,18,Surat
ORD-01846,Mouse,360.61,2,Surat
ORD-01847,Webcam,3583.43,4,Surat
ORD-01848,Webcam,4816.33,3,Bangalore
ORD-01849,RAM,3710.2,9,Ahmedabad
ORD-01850,Printer,575.52,20,Delhi
ORD-01851,Monitor,2467.76,3,Lucknow
ORD-01852,SSD,2788.14,19,Chennai
ORD-01853,Speaker,453.31,11,Jaipur
ORD-01854,Charger,251.75,15,Jaipur
ORD-01855,Router,2452.31,11,Pune
ORD-01856,Mouse,4810.78,10,Chennai
ORD-01857,Tablet,369.56,20,Kanpur
ORD-01858,Keyboard,3689.45,19,Chennai
ORD-01859,Laptop,3220.63,19,Bangalore
ORD-01860,Speaker,447.77,10,Nagpur
ORD-01861,RAM,3196.71,10,Ahmedabad
ORD-01862,Phone,808.73,3,Indore
ORD-01863,Charger,1533.66,5,Surat
ORD-01864,Keyboard,1521.03,9,Mumbai
ORD-01865,RAM,735.43,6,Bhopal
ORD-01866,Speaker,3747.03,15,Kolkata
ORD-01867,Charger,1041.91,8,Ahmedabad
ORD-01868,Tablet,4036.98,2,Kolkata
ORD-01869,Phone,4843.25,20,Bhopal
ORD-01870,Cable,939.91,16,Nagpur
ORD-01871,Headphones,3897.76,8,Lucknow
ORD-01872,Webcam,3684.79,6,Hyderabad
ORD-01873,Speaker,3724.92,12,Mumbai
ORD-01874,SSD,1469.09,4,Mumbai
ORD-01875,Tablet,2427.26,16,Chennai
ORD-01876,Webcam,3781.51,18,Hyderabad
ORD-01877,Headphones,3480.84,13,Ahmedabad
ORD-01878,Keyboard,896.71,14,Mumbai
ORD-01879,Keyboard,4650.66,15,Pune
ORD-01880,SSD,1715.3,17,Lucknow
ORD-01881,Laptop,667.34,18,Lucknow
ORD-01882,Mouse,4789.67,14,Surat
ORD-01883,Router,3329.91,9,Kolkata
ORD-01884,Keyboard,1482.01,4,Chennai
ORD-01885,SSD,3004.04,15,Nagpur
ORD-01886,SSD,3795.63,19,Nagpur
ORD-01887,Monitor,2695.76,6,Kolkata
ORD-01888,Printer,250.76,1,Indore
ORD-01889,Phone,257.4,4,Jaipur
ORD-01890,Phone,3490.39,12,Hyderabad
ORD-01891,RAM,1559.82,7,Mumbai
ORD-01892,Laptop,3173.1,2,Surat
ORD-01893,SSD,4491.03,7,Surat
ORD-01894,SSD,784.58,4,Delhi
ORD-01895,Cable,3102.48,13,Lucknow
ORD-01896,Charger,4519.5,19,Nagpur
ORD-01897,Tablet,4500.8,6,Chennai
ORD-01898,Keyboard,2441.38,3,Lucknow
ORD-01899,Webcam,4628.93,9,Nagpur
ORD-01900,Headphones,3522.65,11,Chennai
ORD-01901,Tablet,3947.5,9,Nagpur
ORD-01902,Laptop,2037.43,11,Mumbai
ORD-01903,Keyboard,4786.9,9,Bangalore
ORD-01904,Webcam,533.1,7,Surat
ORD-01905,Headphones,1056.51,16,Delhi
ORD-01906,Tablet,2795.02,14,Hyderabad
ORD-01907,Speaker,3288.01,15,Kanpur
ORD-01908,Keyboard,695.77,3,Delhi
ORD-01909,Speaker,3692.21,15,Mumbai
ORD-01910,Router,2588.96,1,Bhopal
ORD-01911,Laptop,3390.1,9,Bangalore
ORD-01912,RAM,1783.18,13,Surat
ORD-01913,Laptop,2673.83,16,Ahmedabad
ORD-01914,Headphones,2138.77,3,Jaipur
ORD-01915,Monitor,215.87,16,Delhi
ORD-01916,Speaker,2769.45,12,Kolkata
ORD-01917,SSD,1653.56,2,Lucknow
ORD-01918,SSD,635.19,18,Indore
ORD-01919,Mouse,586.18,15,Nagpur
ORD-01920,Charger,1591.79,7,Bangalore
ORD-01921,Printer,388.78,13,Lucknow
ORD-01922,Monitor,1634.57,13,Bhopal
ORD-01923,Phone,3226.95,12,Ahmedabad
ORD-01924,Phone,4449.02,15,Kanpur
ORD-01925,Monitor,871.72,7,Mumbai
ORD-01926,RAM,4982.63,8,Ahmedabad
ORD-01927,Headphones,502.35,18,Lucknow
ORD-01928,Keyboard,2598.47,15,Mumbai
ORD-01929,Laptop,1828.56,11,Nagpur
ORD-01930,RAM,405.5,4,Hyderabad
ORD-01931,Charger,3338.47,17,Ahmedabad
ORD-01932,SSD,4376.95,18,Bangalore
ORD-01933,RAM,2980.85,3,Mumbai
ORD-01934,RAM,879.62,1,Ahmedabad
ORD-01935,Router,4606.48,2,Hyderabad
ORD-01936,RAM,3314.16,1,Bangalore
ORD-01937,SSD,439.79,10,Indore
ORD-01938,Charger,666.99,20,Bangalore
ORD-01939,Cable,3036.99,4,Delhi
ORD-01940,Webcam,3055.88,20,Hyderabad
ORD-01941,Phone,4061.37,14,Kolkata
ORD-01942,Charger,4212.29,13,Kolkata
ORD-01943,Phone,4884.09,19,Jaipur
ORD-01944,Tablet,1743.62,7,Nagpur
ORD-01945,Laptop,3046.8,11,Delhi
ORD-01946,Phone,1514.68,14,Bangalore
ORD-01947,RAM,1975.64,6,Ahmedabad
ORD-01948,Monitor,4643.23,2,Bangalore
ORD-01949,Phone,3997.04,20,Pune
ORD-01950,Charger,957.21,16,Delhi
ORD-01951,Laptop,234.67,3,Kanpur
ORD-01952,SSD,3049.9,10,Pune
ORD-01953,RAM,4075.57,16,Kanpur
ORD-01954,Tablet,1189.56,9,Jaipur
ORD-01955,Webcam,2177.74,6,Surat
ORD-01956,RAM,380.57,6,Kanpur
ORD-01957,Webcam,3137.83,3,Lucknow
ORD-01958,Cable,3956.39,12,Pune
ORD-01959,Laptop,2877.0,7,Delhi
ORD-01960,Printer,4888.59,20,Kolkata
ORD-01961,Cable,3853.41,18,Jaipur
ORD-01962,Monitor,2428.23,7,Chennai
ORD-01963,Laptop,1129.84,5,Lucknow
ORD-01964,Cable,4849.14,16,Ahmedabad
ORD-01965,Tablet,966.84,2,Mumbai
ORD-01966,SSD,1948.12,7,Pune
ORD-01967,Keyboard,1804.6,15,Mumbai
ORD-01968,Phone,3753.99,18,Bangalore
ORD-01969,Tablet,3970.35,16,Jaipur
ORD-01970,Phone,540.12,8,Kanpur
ORD-01971,Webcam,3044.98,11,Pune
ORD-01972,Monitor,3786.01,11,Hyderabad
ORD-01973,Charger,728.63,8,Delhi
ORD-01974,Monitor,3741.18,7,Pune
ORD-01975,Router,1259.17,16,Surat
ORD-01976,Webcam,460.82,14,Bangalore
ORD-01977,Monitor,4653.85,15,Bangalore
ORD-01978,Headphones,1992.72,15,Kanpur
ORD-01979,Monitor,3233.69,9,Hyderabad
ORD-01980,Mouse,810.61,19,Mumbai
ORD-01981,Keyboard,855.2,15,Ahmedabad
ORD-01982,Headphones,1021.76,11,Hyderabad
ORD-01983,Router,1616.77,6,Nagpur
ORD-01984,Charger,3262.39,20,Bhopal
ORD-01985,Tablet,2974.97,18,Indore
ORD-01986,Monitor,615.07,17,Ahmedabad
ORD-01987,Cable,4979.18,19,Ahmedabad
ORD-01988,Cable,2421.25,1,Kanpur
ORD-01989,Headphones,3733.65,8,Hyderabad
ORD-01990,Mouse,2284.38,8,Bhopal
ORD-01991,Router,3040.49,5,Bhopal
ORD-01992,Speaker,4511.6,14,Mumbai
ORD-01993,Laptop,4958.1,17,Mumbai
ORD-01994,Headphones,2749.37,16,Nagpur
ORD-01995,Charger,3543.93,4,Ahmedabad
ORD-01996,Webcam,1354.45,18,Nagpur
ORD-01997,Laptop,3527.16,14,Hyderabad
ORD-01998,Tablet,1920.34,8,Lucknow
ORD-01999,Phone,276.45,10,Bangalore
ORD-02000,RAM,2404.55,19,Kanpur
